  0
SECTION
  2
HEADER
  9
$ACADVER
  1
AC1024
  9
$ACADMAINTVER
 70
6
  9
$DWGCODEPAGE
  3
ANSI_1252
  9
$LASTSAVEDBY
  1
ezdxf
  9
$INSBASE
 10
0.0
 20
0.0
 30
0.0
  9
$EXTMIN
 10
1e+20
 20
1e+20
 30
1e+20
  9
$EXTMAX
 10
-1e+20
 20
-1e+20
 30
-1e+20
  9
$LIMMIN
 10
0.0
 20
0.0
  9
$LIMMAX
 10
420.0
 20
297.0
  9
$ORTHOMODE
 70
0
  9
$REGENMODE
 70
1
  9
$FILLMODE
 70
1
  9
$QTEXTMODE
 70
0
  9
$MIRRTEXT
 70
1
  9
$LTSCALE
 40
1.0
  9
$ATTMODE
 70
1
  9
$TEXTSIZE
 40
2.5
  9
$TRACEWID
 40
1.0
  9
$TEXTSTYLE
  7
Standard
  9
$CLAYER
  8
0
  9
$CELTYPE
  6
ByLayer
  9
$CECOLOR
 62
256
  9
$CELTSCALE
 40
1.0
  9
$DISPSILH
 70
0
  9
$DIMSCALE
 40
1.0
  9
$DIMASZ
 40
2.5
  9
$DIMEXO
 40
0.625
  9
$DIMDLI
 40
3.75
  9
$DIMRND
 40
0.0
  9
$DIMDLE
 40
0.0
  9
$DIMEXE
 40
1.25
  9
$DIMTP
 40
0.0
  9
$DIMTM
 40
0.0
  9
$DIMTXT
 40
2.5
  9
$DIMCEN
 40
2.5
  9
$DIMTSZ
 40
0.0
  9
$DIMTOL
 70
0
  9
$DIMLIM
 70
0
  9
$DIMTIH
 70
0
  9
$DIMTOH
 70
0
  9
$DIMSE1
 70
0
  9
$DIMSE2
 70
0
  9
$DIMTAD
 70
1
  9
$DIMZIN
 70
8
  9
$DIMBLK
  1

  9
$DIMASO
 70
1
  9
$DIMSHO
 70
1
  9
$DIMPOST
  1

  9
$DIMAPOST
  1

  9
$DIMALT
 70
0
  9
$DIMALTD
 70
3
  9
$DIMALTF
 40
0.03937007874
  9
$DIMLFAC
 40
1.0
  9
$DIMTOFL
 70
1
  9
$DIMTVP
 40
0.0
  9
$DIMTIX
 70
0
  9
$DIMSOXD
 70
0
  9
$DIMSAH
 70
0
  9
$DIMBLK1
  1

  9
$DIMBLK2
  1

  9
$DIMSTYLE
  2
ISO-25
  9
$DIMCLRD
 70
0
  9
$DIMCLRE
 70
0
  9
$DIMCLRT
 70
0
  9
$DIMTFAC
 40
1.0
  9
$DIMGAP
 40
0.625
  9
$DIMJUST
 70
0
  9
$DIMSD1
 70
0
  9
$DIMSD2
 70
0
  9
$DIMTOLJ
 70
0
  9
$DIMTZIN
 70
8
  9
$DIMALTZ
 70
0
  9
$DIMALTTZ
 70
0
  9
$DIMUPT
 70
0
  9
$DIMDEC
 70
2
  9
$DIMTDEC
 70
2
  9
$DIMALTU
 70
2
  9
$DIMALTTD
 70
3
  9
$DIMTXSTY
  7
Standard
  9
$DIMAUNIT
 70
0
  9
$DIMADEC
 70
0
  9
$DIMALTRND
 40
0.0
  9
$DIMAZIN
 70
0
  9
$DIMDSEP
 70
44
  9
$DIMATFIT
 70
3
  9
$DIMFRAC
 70
0
  9
$DIMLDRBLK
  1

  9
$DIMLUNIT
 70
2
  9
$DIMLWD
 70
-2
  9
$DIMLWE
 70
-2
  9
$DIMTMOVE
 70
0
  9
$DIMFXL
 40
1.0
  9
$DIMFXLON
 70
0
  9
$DIMJOGANG
 40
0.785398163397
  9
$DIMTFILL
 70
0
  9
$DIMTFILLCLR
 70
0
  9
$DIMARCSYM
 70
0
  9
$DIMLTYPE
  6

  9
$DIMLTEX1
  6

  9
$DIMLTEX2
  6

  9
$DIMTXTDIRECTION
 70
0
  9
$LUNITS
 70
2
  9
$LUPREC
 70
4
  9
$SKETCHINC
 40
1.0
  9
$FILLETRAD
 40
10.0
  9
$AUNITS
 70
0
  9
$AUPREC
 70
2
  9
$MENU
  1
.
  9
$ELEVATION
 40
0.0
  9
$PELEVATION
 40
0.0
  9
$THICKNESS
 40
0.0
  9
$LIMCHECK
 70
0
  9
$CHAMFERA
 40
0.0
  9
$CHAMFERB
 40
0.0
  9
$CHAMFERC
 40
0.0
  9
$CHAMFERD
 40
0.0
  9
$SKPOLY
 70
0
  9
$TDCREATE
 40
2461234.8642476853
  9
$TDUCREATE
 40
2458532.153996898
  9
$TDUPDATE
 40
2461234.8642476853
  9
$TDUUPDATE
 40
2458532.1544311
  9
$TDINDWG
 40
0.0
  9
$TDUSRTIMER
 40
0.0
  9
$USRTIMER
 70
1
  9
$ANGBASE
 50
0.0
  9
$ANGDIR
 70
0
  9
$PDMODE
 70
0
  9
$PDSIZE
 40
0.0
  9
$PLINEWID
 40
0.0
  9
$SPLFRAME
 70
0
  9
$SPLINETYPE
 70
6
  9
$SPLINESEGS
 70
8
  9
$HANDSEED
  5
5AF
  9
$SURFTAB1
 70
6
  9
$SURFTAB2
 70
6
  9
$SURFTYPE
 70
6
  9
$SURFU
 70
6
  9
$SURFV
 70
6
  9
$UCSBASE
  2

  9
$UCSNAME
  2

  9
$UCSORG
 10
0.0
 20
0.0
 30
0.0
  9
$UCSXDIR
 10
1.0
 20
0.0
 30
0.0
  9
$UCSYDIR
 10
0.0
 20
1.0
 30
0.0
  9
$UCSORTHOREF
  2

  9
$UCSORTHOVIEW
 70
0
  9
$UCSORGTOP
 10
0.0
 20
0.0
 30
0.0
  9
$UCSORGBOTTOM
 10
0.0
 20
0.0
 30
0.0
  9
$UCSORGLEFT
 10
0.0
 20
0.0
 30
0.0
  9
$UCSORGRIGHT
 10
0.0
 20
0.0
 30
0.0
  9
$UCSORGFRONT
 10
0.0
 20
0.0
 30
0.0
  9
$UCSORGBACK
 10
0.0
 20
0.0
 30
0.0
  9
$PUCSBASE
  2

  9
$PUCSNAME
  2

  9
$PUCSORG
 10
0.0
 20
0.0
 30
0.0
  9
$PUCSXDIR
 10
1.0
 20
0.0
 30
0.0
  9
$PUCSYDIR
 10
0.0
 20
1.0
 30
0.0
  9
$PUCSORTHOREF
  2

  9
$PUCSORTHOVIEW
 70
0
  9
$PUCSORGTOP
 10
0.0
 20
0.0
 30
0.0
  9
$PUCSORGBOTTOM
 10
0.0
 20
0.0
 30
0.0
  9
$PUCSORGLEFT
 10
0.0
 20
0.0
 30
0.0
  9
$PUCSORGRIGHT
 10
0.0
 20
0.0
 30
0.0
  9
$PUCSORGFRONT
 10
0.0
 20
0.0
 30
0.0
  9
$PUCSORGBACK
 10
0.0
 20
0.0
 30
0.0
  9
$USERI1
 70
0
  9
$USERI2
 70
0
  9
$USERI3
 70
0
  9
$USERI4
 70
0
  9
$USERI5
 70
0
  9
$USERR1
 40
0.0
  9
$USERR2
 40
0.0
  9
$USERR3
 40
0.0
  9
$USERR4
 40
0.0
  9
$USERR5
 40
0.0
  9
$WORLDVIEW
 70
1
  9
$SHADEDGE
 70
3
  9
$SHADEDIF
 70
70
  9
$TILEMODE
 70
1
  9
$MAXACTVP
 70
64
  9
$PINSBASE
 10
0.0
 20
0.0
 30
0.0
  9
$PLIMCHECK
 70
0
  9
$PEXTMIN
 10
1e+20
 20
1e+20
 30
1e+20
  9
$PEXTMAX
 10
-1e+20
 20
-1e+20
 30
-1e+20
  9
$PLIMMIN
 10
0.0
 20
0.0
  9
$PLIMMAX
 10
420.0
 20
297.0
  9
$UNITMODE
 70
0
  9
$VISRETAIN
 70
1
  9
$PLINEGEN
 70
0
  9
$PSLTSCALE
 70
1
  9
$TREEDEPTH
 70
3020
  9
$CMLSTYLE
  2
Standard
  9
$CMLJUST
 70
0
  9
$CMLSCALE
 40
20.0
  9
$PROXYGRAPHICS
 70
1
  9
$MEASUREMENT
 70
1
  9
$CELWEIGHT
370
-1
  9
$ENDCAPS
280
0
  9
$JOINSTYLE
280
0
  9
$LWDISPLAY
290
0
  9
$INSUNITS
 70
6
  9
$HYPERLINKBASE
  1

  9
$STYLESHEET
  1

  9
$XEDIT
290
1
  9
$CEPSNTYPE
380
0
  9
$PSTYLEMODE
290
1
  9
$FINGERPRINTGUID
  2
{421633A7-195B-484D-BFD7-71192C1D9212}
  9
$VERSIONGUID
  2
{C30520AF-1D93-41DE-893F-6B501823A663}
  9
$EXTNAMES
290
1
  9
$PSVPSCALE
 40
0.0
  9
$OLESTARTUP
290
0
  9
$SORTENTS
280
127
  9
$INDEXCTL
280
0
  9
$HIDETEXT
280
1
  9
$XCLIPFRAME
280
1
  9
$HALOGAP
280
0
  9
$OBSCOLOR
 70
257
  9
$OBSLTYPE
280
0
  9
$INTERSECTIONDISPLAY
280
0
  9
$INTERSECTIONCOLOR
 70
257
  9
$DIMASSOC
280
2
  9
$PROJECTNAME
  1

  9
$CAMERADISPLAY
290
0
  9
$LENSLENGTH
 40
50.0
  9
$CAMERAHEIGHT
 40
0.0
  9
$STEPSPERSEC
 40
24.0
  9
$STEPSIZE
 40
100.0
  9
$3DDWFPREC
 40
2.0
  9
$PSOLWIDTH
 40
0.005
  9
$PSOLHEIGHT
 40
0.08
  9
$LOFTANG1
 40
1.570796326795
  9
$LOFTANG2
 40
1.570796326795
  9
$LOFTMAG1
 40
0.0
  9
$LOFTMAG2
 40
0.0
  9
$LOFTPARAM
 70
7
  9
$LOFTNORMALS
280
1
  9
$LATITUDE
 40
37.795
  9
$LONGITUDE
 40
-122.394
  9
$NORTHDIRECTION
 40
0.0
  9
$TIMEZONE
 70
-8000
  9
$LIGHTGLYPHDISPLAY
280
1
  9
$TILEMODELIGHTSYNCH
280
1
  9
$CMATERIAL
347
20
  9
$SOLIDHIST
280
0
  9
$SHOWHIST
280
1
  9
$DWFFRAME
280
2
  9
$DGNFRAME
280
2
  9
$REALWORLDSCALE
290
1
  9
$INTERFERECOLOR
 62
256
  9
$CSHADOW
280
0
  9
$SHADOWPLANELOCATION
 40
0.0
  0
ENDSEC
  0
SECTION
  2
CLASSES
  0
CLASS
  1
ACDBDICTIONARYWDFLT
  2
AcDbDictionaryWithDefault
  3
ObjectDBX Classes
 90
0
 91
0
280
0
281
0
  0
CLASS
  1
SUN
  2
AcDbSun
  3
SCENEOE
 90
1153
 91
0
280
0
281
0
  0
CLASS
  1
VISUALSTYLE
  2
AcDbVisualStyle
  3
ObjectDBX Classes
 90
4095
 91
0
280
0
281
0
  0
CLASS
  1
MATERIAL
  2
AcDbMaterial
  3
ObjectDBX Classes
 90
1153
 91
0
280
0
281
0
  0
CLASS
  1
SCALE
  2
AcDbScale
  3
ObjectDBX Classes
 90
1153
 91
0
280
0
281
0
  0
CLASS
  1
TABLESTYLE
  2
AcDbTableStyle
  3
ObjectDBX Classes
 90
4095
 91
0
280
0
281
0
  0
CLASS
  1
MLEADERSTYLE
  2
AcDbMLeaderStyle
  3
ACDB_MLEADERSTYLE_CLASS
 90
4095
 91
0
280
0
281
0
  0
CLASS
  1
DICTIONARYVAR
  2
AcDbDictionaryVar
  3
ObjectDBX Classes
 90
0
 91
0
280
0
281
0
  0
CLASS
  1
CELLSTYLEMAP
  2
AcDbCellStyleMap
  3
ObjectDBX Classes
 90
1152
 91
0
280
0
281
0
  0
CLASS
  1
MENTALRAYRENDERSETTINGS
  2
AcDbMentalRayRenderSettings
  3
SCENEOE
 90
1024
 91
0
280
0
281
0
  0
CLASS
  1
ACDBDETAILVIEWSTYLE
  2
AcDbDetailViewStyle
  3
ObjectDBX Classes
 90
1025
 91
0
280
0
281
0
  0
CLASS
  1
ACDBSECTIONVIEWSTYLE
  2
AcDbSectionViewStyle
  3
ObjectDBX Classes
 90
1025
 91
0
280
0
281
0
  0
CLASS
  1
RASTERVARIABLES
  2
AcDbRasterVariables
  3
ISM
 90
0
 91
0
280
0
281
0
  0
CLASS
  1
LAYOUT
  2
AcDbLayout
  3
ObjectDBX Classes
 90
0
 91
0
280
0
281
0
  0
CLASS
  1
ACDBPLACEHOLDER
  2
AcDbPlaceHolder
  3
ObjectDBX Classes
 90
0
 91
0
280
0
281
0
  0
ENDSEC
  0
SECTION
  2
TABLES
  0
TABLE
  2
VPORT
  5
8
330
0
100
AcDbSymbolTable
 70
1
  0
VPORT
  5
23
330
8
100
AcDbSymbolTableRecord
100
AcDbViewportTableRecord
  2
*Active
 70
0
 10
0.0
 20
0.0
 11
1.0
 21
1.0
 12
0.0
 22
0.0
 13
0.0
 23
0.0
 14
0.5
 24
0.5
 15
0.5
 25
0.5
 16
0.0
 26
0.0
 36
1.0
 17
0.0
 27
0.0
 37
0.0
 40
1000.0
 41
1.34
 42
50.0
 43
0.0
 44
0.0
 50
0.0
 51
0.0
 71
0
 72
1000
 73
1
 74
3
 75
0
 76
0
 77
0
 78
0
281
0
 65
0
146
0.0
  0
ENDTAB
  0
TABLE
  2
LTYPE
  5
2
330
0
100
AcDbSymbolTable
 70
3
  0
LTYPE
  5
24
330
2
100
AcDbSymbolTableRecord
100
AcDbLinetypeTableRecord
  2
ByBlock
 70
0
  3

 72
65
 73
0
 40
0.0
  0
LTYPE
  5
25
330
2
100
AcDbSymbolTableRecord
100
AcDbLinetypeTableRecord
  2
ByLayer
 70
0
  3

 72
65
 73
0
 40
0.0
  0
LTYPE
  5
26
330
2
100
AcDbSymbolTableRecord
100
AcDbLinetypeTableRecord
  2
Continuous
 70
0
  3

 72
65
 73
0
 40
0.0
  0
ENDTAB
  0
TABLE
  2
LAYER
  5
1
330
0
100
AcDbSymbolTable
 70
7
  0
LAYER
  5
27
330
1
100
AcDbSymbolTableRecord
100
AcDbLayerTableRecord
  2
0
 70
0
 62
7
  6
Continuous
370
-3
390
13
347
21
  0
LAYER
  5
28
330
1
100
AcDbSymbolTableRecord
100
AcDbLayerTableRecord
  2
Defpoints
 70
0
 62
7
  6
Continuous
290
0
370
-3
390
13
347
21
  0
LAYER
  5
2F
330
1
100
AcDbSymbolTableRecord
100
AcDbLayerTableRecord
  2
TANK_BOUNDARY
 70
0
 62
7
  6
Continuous
370
-3
390
13
347
21
  0
LAYER
  5
30
330
1
100
AcDbSymbolTableRecord
100
AcDbLayerTableRecord
  2
OBSERVED_WELDS
 70
0
 62
3
  6
Continuous
370
-3
390
13
347
21
  0
LAYER
  5
31
330
1
100
AcDbSymbolTableRecord
100
AcDbLayerTableRecord
  2
PREDICTED_WELDS_HIGH
 70
0
 62
5
  6
Continuous
370
-3
390
13
347
21
  0
LAYER
  5
32
330
1
100
AcDbSymbolTableRecord
100
AcDbLayerTableRecord
  2
PREDICTED_WELDS_MEDIUM
 70
0
 62
2
  6
Continuous
370
-3
390
13
347
21
  0
LAYER
  5
33
330
1
100
AcDbSymbolTableRecord
100
AcDbLayerTableRecord
  2
PREDICTED_WELDS_LOW
 70
0
 62
1
  6
Continuous
370
-3
390
13
347
21
  0
ENDTAB
  0
TABLE
  2
STYLE
  5
5
330
0
100
AcDbSymbolTable
 70
1
  0
STYLE
  5
29
330
5
100
AcDbSymbolTableRecord
100
AcDbTextStyleTableRecord
  2
Standard
 70
0
 40
0.0
 41
1.0
 50
0.0
 71
0
 42
2.5
  3
txt
  4

  0
ENDTAB
  0
TABLE
  2
VIEW
  5
7
330
0
100
AcDbSymbolTable
 70
0
  0
ENDTAB
  0
TABLE
  2
UCS
  5
6
330
0
100
AcDbSymbolTable
 70
0
  0
ENDTAB
  0
TABLE
  2
APPID
  5
3
330
0
100
AcDbSymbolTable
 70
3
  0
APPID
  5
2A
330
3
100
AcDbSymbolTableRecord
100
AcDbRegAppTableRecord
  2
ACAD
 70
0
  0
APPID
  5
5AC
330
3
100
AcDbSymbolTableRecord
100
AcDbRegAppTableRecord
  2
HATCHBACKGROUNDCOLOR
 70
0
  0
APPID
  5
5AD
330
3
100
AcDbSymbolTableRecord
100
AcDbRegAppTableRecord
  2
EZDXF
 70
0
  0
ENDTAB
  0
TABLE
  2
DIMSTYLE
  5
4
330
0
100
AcDbSymbolTable
 70
1
100
AcDbDimStyleTable
  0
DIMSTYLE
105
2B
330
4
100
AcDbSymbolTableRecord
100
AcDbDimStyleTableRecord
  2
Standard
 70
0
 40
1.0
 41
2.5
 42
0.625
 43
3.75
 44
1.25
 45
0.0
 46
0.0
 47
0.0
 48
0.0
 49
2.5
140
2.5
141
2.5
142
0.0
143
0.03937007874
144
1.0
145
0.0
146
1.0
147
0.625
148
0.0
 69
0
 70
0
 71
0
 72
0
 73
0
 74
0
 75
0
 76
0
 77
1
 78
8
 79
3
170
0
171
3
172
1
173
0
174
0
175
0
176
0
177
0
178
0
179
2
271
2
272
2
273
2
274
3
275
0
276
0
277
2
278
44
279
0
280
0
281
0
282
0
283
0
284
8
285
0
286
0
288
0
289
3
290
0
371
-2
372
-2
  0
ENDTAB
  0
TABLE
  2
BLOCK_RECORD
  5
9
330
0
100
AcDbSymbolTable
 70
2
  0
BLOCK_RECORD
  5
17
330
9
100
AcDbSymbolTableRecord
100
AcDbBlockTableRecord
  2
*Model_Space
340
1A
 70
0
280
1
281
0
  0
BLOCK_RECORD
  5
1B
330
9
100
AcDbSymbolTableRecord
100
AcDbBlockTableRecord
  2
*Paper_Space
340
1E
 70
0
280
1
281
0
  0
ENDTAB
  0
ENDSEC
  0
SECTION
  2
BLOCKS
  0
BLOCK
  5
18
330
17
100
AcDbEntity
  8
0
100
AcDbBlockBegin
  2
*Model_Space
 70
0
 10
0.0
 20
0.0
 30
0.0
  3
*Model_Space
  1

  0
ENDBLK
  5
19
330
17
100
AcDbEntity
  8
0
100
AcDbBlockEnd
  0
BLOCK
  5
1C
330
1B
100
AcDbEntity
  8
0
100
AcDbBlockBegin
  2
*Paper_Space
 70
0
 10
0.0
 20
0.0
 30
0.0
  3
*Paper_Space
  1

  0
ENDBLK
  5
1D
330
1B
100
AcDbEntity
  8
0
100
AcDbBlockEnd
  0
ENDSEC
  0
SECTION
  2
ENTITIES
  0
CIRCLE
  5
34
330
17
100
AcDbEntity
  8
TANK_BOUNDARY
100
AcDbCircle
 10
0.0
 20
0.0
 30
0.0
 40
22.86
  0
LINE
  5
35
330
17
100
AcDbEntity
  8
OBSERVED_WELDS
100
AcDbLine
 10
-18.288
 20
-0.762
 30
0.0
 11
-18.288
 21
-0.9501966552660819
 31
0.0
  0
LINE
  5
36
330
17
100
AcDbEntity
  8
OBSERVED_WELDS
100
AcDbLine
 10
-18.288
 20
-0.9705210781684968
 30
0.0
 11
-18.288
 21
-1.4953407194547412
 31
0.0
  0
LINE
  5
37
330
17
100
AcDbEntity
  8
OBSERVED_WELDS
100
AcDbLine
 10
-18.288
 20
-1.5176041958761417
 30
0.0
 11
-18.288
 21
-2.0505996756488942
 31
0.0
  0
LINE
  5
38
330
17
100
AcDbEntity
  8
OBSERVED_WELDS
100
AcDbLine
 10
-18.288
 20
-2.075126041532994
 30
0.0
 11
-18.288
 21
-2.6127885049077935
 31
0.0
  0
LINE
  5
39
330
17
100
AcDbEntity
  8
OBSERVED_WELDS
100
AcDbLine
 10
-18.288
 20
-2.6395858612980083
 30
0.0
 11
-18.288
 21
-3.177746225887601
 31
0.0
  0
LINE
  5
3A
330
17
100
AcDbEntity
  8
OBSERVED_WELDS
100
AcDbLine
 10
-18.288
 20
-3.206961206743992
 30
0.0
 11
-18.288
 21
-3.7413688043677236
 31
0.0
  0
LINE
  5
3B
330
17
100
AcDbEntity
  8
OBSERVED_WELDS
100
AcDbLine
 10
-18.288
 20
-3.7730191803418407
 30
0.0
 11
-18.288
 21
-4.299327253326187
 31
0.0
  0
LINE
  5
3C
330
17
100
AcDbEntity
  8
OBSERVED_WELDS
100
AcDbLine
 10
-16.764
 20
-0.762
 30
0.0
 11
-16.764
 21
-1.1447668647968892
 31
0.0
  0
LINE
  5
3D
330
17
100
AcDbEntity
  8
OBSERVED_WELDS
100
AcDbLine
 10
-16.764
 20
-1.1706177365980226
 30
0.0
 11
-16.764
 21
-1.6942265495476008
 31
0.0
  0
LINE
  5
3E
330
17
100
AcDbEntity
  8
OBSERVED_WELDS
100
AcDbLine
 10
-16.764
 20
-1.7220055283263211
 30
0.0
 11
-16.764
 21
-2.2513018912532203
 31
0.0
  0
LINE
  5
3F
330
17
100
AcDbEntity
  8
OBSERVED_WELDS
100
AcDbLine
 10
-16.764
 20
-2.2815046163955985
 30
0.0
 11
-16.764
 21
-2.812702363941876
 31
0.0
  0
LINE
  5
40
330
17
100
AcDbEntity
  8
OBSERVED_WELDS
100
AcDbLine
 10
-16.764
 20
-2.8452785555701263
 30
0.0
 11
-16.764
 21
-3.3741040290147253
 31
0.0
  0
LINE
  5
41
330
17
100
AcDbEntity
  8
OBSERVED_WELDS
100
AcDbLine
 10
-16.764
 20
-3.409045723600521
 30
0.0
 11
-16.764
 21
-3.930724587047358
 31
0.0
  0
LINE
  5
42
330
17
100
AcDbEntity
  8
OBSERVED_WELDS
100
AcDbLine
 10
-16.764
 20
-3.9679321509523406
 30
0.0
 11
-16.764
 21
-4.419600000000001
 31
0.0
  0
LINE
  5
43
330
17
100
AcDbEntity
  8
OBSERVED_WELDS
100
AcDbLine
 10
-20.406916813526454
 20
-5.9436
 30
0.0
 11
-19.003534364130793
 21
-5.9436
 31
0.0
  0
LINE
  5
44
330
17
100
AcDbEntity
  8
OBSERVED_WELDS
100
AcDbLine
 10
-18.986521117558013
 20
-5.9436
 30
0.0
 11
-17.248198569610274
 21
-5.9436
 31
0.0
  0
LINE
  5
45
330
17
100
AcDbEntity
  8
OBSERVED_WELDS
100
AcDbLine
 10
-17.23514612556685
 20
-5.9436
 30
0.0
 11
-16.965644725702067
 21
-5.9436
 31
0.0
  0
LINE
  5
46
330
17
100
AcDbEntity
  8
OBSERVED_WELDS
100
AcDbLine
 10
-16.886334947924034
 20
-5.9436
 30
0.0
 11
-16.064360656754374
 21
-5.9436
 31
0.0
  0
LINE
  5
47
330
17
100
AcDbEntity
  8
OBSERVED_WELDS
100
AcDbLine
 10
-15.99887346605903
 20
-5.9436
 30
0.0
 11
-15.455732483196519
 21
-5.9436
 31
0.0
  0
LINE
  5
48
330
17
100
AcDbEntity
  8
OBSERVED_WELDS
100
AcDbLine
 10
15.344852569413902
 20
-5.9436
 30
0.0
 11
16.774598016908072
 21
-5.9436
 31
0.0
  0
LINE
  5
49
330
17
100
AcDbEntity
  8
OBSERVED_WELDS
100
AcDbLine
 10
16.823311539048383
 20
-5.9436
 30
0.0
 11
18.354351826830268
 21
-5.9436
 31
0.0
  0
LINE
  5
4A
330
17
100
AcDbEntity
  8
OBSERVED_WELDS
100
AcDbLine
 10
18.405292518058772
 20
-5.9436
 30
0.0
 11
18.734512917818435
 21
-5.9436
 31
0.0
  0
LINE
  5
4B
330
17
100
AcDbEntity
  8
OBSERVED_WELDS
100
AcDbLine
 10
18.763306697937942
 20
-5.9436
 30
0.0
 11
19.953702326800965
 21
-5.9436
 31
0.0
  0
LINE
  5
4C
330
17
100
AcDbEntity
  8
OBSERVED_WELDS
100
AcDbLine
 10
20.006019936590185
 20
-5.9436
 30
0.0
 11
20.406725026649426
 21
-5.9436
 31
0.0
  0
LINE
  5
4D
330
17
100
AcDbEntity
  8
OBSERVED_WELDS
100
AcDbLine
 10
20.1168
 20
-4.419600000000001
 30
0.0
 11
20.1168
 21
-4.781155934398962
 31
0.0
  0
LINE
  5
4E
330
17
100
AcDbEntity
  8
OBSERVED_WELDS
100
AcDbLine
 10
20.1168
 20
-4.820308064386059
 30
0.0
 11
20.1168
 21
-5.390450662120377
 31
0.0
  0
LINE
  5
4F
330
17
100
AcDbEntity
  8
OBSERVED_WELDS
100
AcDbLine
 10
20.1168
 20
-5.436884439930207
 30
0.0
 11
20.1168
 21
-5.943600000000001
 31
0.0
  0
LINE
  5
50
330
17
100
AcDbEntity
  8
OBSERVED_WELDS
100
AcDbLine
 10
16.4592
 20
-4.5244156750703866
 30
0.0
 11
16.4592
 21
-5.0268020427035
 31
0.0
  0
LINE
  5
51
330
17
100
AcDbEntity
  8
OBSERVED_WELDS
100
AcDbLine
 10
16.4592
 20
-5.063791490449445
 30
0.0
 11
16.4592
 21
-5.600925296603634
 31
0.0
  0
LINE
  5
52
330
17
100
AcDbEntity
  8
OBSERVED_WELDS
100
AcDbLine
 10
16.4592
 20
-5.645729823122169
 30
0.0
 11
16.4592
 21
-5.943600000000001
 31
0.0
  0
LINE
  5
53
330
17
100
AcDbEntity
  8
OBSERVED_WELDS
100
AcDbLine
 10
-16.4592
 20
-4.419600000000001
 30
0.0
 11
-16.4592
 21
-4.955803566454011
 31
0.0
  0
LINE
  5
54
330
17
100
AcDbEntity
  8
OBSERVED_WELDS
100
AcDbLine
 10
-16.4592
 20
-4.993319107268014
 30
0.0
 11
-16.4592
 21
-5.512323773103017
 31
0.0
  0
LINE
  5
55
330
17
100
AcDbEntity
  8
OBSERVED_WELDS
100
AcDbLine
 10
-16.4592
 20
-5.551833517724944
 30
0.0
 11
-16.4592
 21
-5.943600000000001
 31
0.0
  0
LINE
  5
56
330
17
100
AcDbEntity
  8
OBSERVED_WELDS
100
AcDbLine
 10
-20.1168
 20
-4.419600000000001
 30
0.0
 11
-20.1168
 21
-4.760055752442808
 31
0.0
  0
LINE
  5
57
330
17
100
AcDbEntity
  8
OBSERVED_WELDS
100
AcDbLine
 10
-20.1168
 20
-4.794405372375718
 30
0.0
 11
-20.1168
 21
-5.270911283075647
 31
0.0
  0
LINE
  5
58
330
17
100
AcDbEntity
  8
OBSERVED_WELDS
100
AcDbLine
 10
-20.1168
 20
-5.306471510093428
 30
0.0
 11
-20.1168
 21
-5.761664762876886
 31
0.0
  0
LINE
  5
59
330
17
100
AcDbEntity
  8
OBSERVED_WELDS
100
AcDbLine
 10
-12.8016
 20
-10.34317179726475
 30
0.0
 11
-12.8016
 21
-11.1252
 31
0.0
  0
LINE
  5
5A
330
17
100
AcDbEntity
  8
OBSERVED_WELDS
100
AcDbLine
 10
-20.1168
 20
0.762
 30
0.0
 11
-20.1168
 21
0.5756088162870234
 31
0.0
  0
LINE
  5
5B
330
17
100
AcDbEntity
  8
OBSERVED_WELDS
100
AcDbLine
 10
-20.1168
 20
0.5515583458001577
 30
0.0
 11
-20.1168
 21
0.056330946935859494
 31
0.0
  0
LINE
  5
5C
330
17
100
AcDbEntity
  8
OBSERVED_WELDS
100
AcDbLine
 10
-20.1168
 20
0.03225937902466647
 30
0.0
 11
-20.1168
 21
-0.46815333134227943
 31
0.0
  0
LINE
  5
5D
330
17
100
AcDbEntity
  8
OBSERVED_WELDS
100
AcDbLine
 10
-20.1168
 20
-0.4926608689510501
 30
0.0
 11
-20.1168
 21
-0.762
 31
0.0
  0
LINE
  5
5E
330
17
100
AcDbEntity
  8
OBSERVED_WELDS
100
AcDbLine
 10
-16.4592
 20
0.7315620394683692
 30
0.0
 11
-16.4592
 21
0.24599460956757588
 31
0.0
  0
LINE
  5
5F
330
17
100
AcDbEntity
  8
OBSERVED_WELDS
100
AcDbLine
 10
-16.4592
 20
0.1770008275863133
 30
0.0
 11
-16.4592
 21
-0.26660405287546896
 31
0.0
  0
LINE
  5
60
330
17
100
AcDbEntity
  8
OBSERVED_WELDS
100
AcDbLine
 10
-16.4592
 20
-0.2817890738769384
 30
0.0
 11
-16.4592
 21
-0.762
 31
0.0
  0
LINE
  5
61
330
17
100
AcDbEntity
  8
OBSERVED_WELDS
100
AcDbLine
 10
-20.79009254641438
 20
-4.419600000000001
 30
0.0
 11
-19.38596704387795
 21
-4.419600000000001
 31
0.0
  0
LINE
  5
62
330
17
100
AcDbEntity
  8
OBSERVED_WELDS
100
AcDbLine
 10
-19.369972502475118
 20
-4.419600000000001
 30
0.0
 11
-19.152110344554195
 21
-4.419600000000001
 31
0.0
  0
LINE
  5
63
330
17
100
AcDbEntity
  8
OBSERVED_WELDS
100
AcDbLine
 10
-19.151716631383625
 20
-4.419600000000001
 30
0.0
 11
-17.665095518318854
 21
-4.419600000000001
 31
0.0
  0
LINE
  5
64
330
17
100
AcDbEntity
  8
OBSERVED_WELDS
100
AcDbLine
 10
-17.653797365839488
 20
-4.419600000000001
 30
0.0
 11
-17.318155491281882
 21
-4.419600000000001
 31
0.0
  0
LINE
  5
65
330
17
100
AcDbEntity
  8
OBSERVED_WELDS
100
AcDbLine
 10
-17.220625687185816
 20
-4.419600000000001
 30
0.0
 11
-16.54515732855941
 21
-4.419600000000001
 31
0.0
  0
LINE
  5
66
330
17
100
AcDbEntity
  8
OBSERVED_WELDS
100
AcDbLine
 10
-16.469131842321634
 20
-4.419600000000001
 30
0.0
 11
-15.918637354789418
 21
-4.419600000000001
 31
0.0
  0
LINE
  5
67
330
17
100
AcDbEntity
  8
OBSERVED_WELDS
100
AcDbLine
 10
15.850444412942398
 20
-4.419600000000001
 30
0.0
 11
17.30167353787922
 21
-4.419600000000001
 31
0.0
  0
LINE
  5
68
330
17
100
AcDbEntity
  8
OBSERVED_WELDS
100
AcDbLine
 10
17.510239881754945
 20
-4.419600000000001
 30
0.0
 11
18.84533159310789
 21
-4.419600000000001
 31
0.0
  0
LINE
  5
69
330
17
100
AcDbEntity
  8
OBSERVED_WELDS
100
AcDbLine
 10
18.895852924541412
 20
-4.419600000000001
 30
0.0
 11
19.15181760948988
 21
-4.419600000000001
 31
0.0
  0
LINE
  5
6A
330
17
100
AcDbEntity
  8
OBSERVED_WELDS
100
AcDbLine
 10
19.216810943635434
 20
-4.419600000000001
 30
0.0
 11
20.412878669157177
 21
-4.419600000000001
 31
0.0
  0
LINE
  5
6B
330
17
100
AcDbEntity
  8
OBSERVED_WELDS
100
AcDbLine
 10
20.464966342417068
 20
-4.419600000000001
 30
0.0
 11
20.790243615843163
 21
-4.419600000000001
 31
0.0
  0
LINE
  5
6C
330
17
100
AcDbEntity
  8
OBSERVED_WELDS
100
AcDbLine
 10
-19.812
 20
-0.807090572500639
 30
0.0
 11
-19.812
 21
-1.334388047310804
 31
0.0
  0
LINE
  5
6D
330
17
100
AcDbEntity
  8
OBSERVED_WELDS
100
AcDbLine
 10
-19.812
 20
-1.3513785175639828
 30
0.0
 11
-19.812
 21
-1.8888662509958771
 31
0.0
  0
LINE
  5
6E
330
17
100
AcDbEntity
  8
OBSERVED_WELDS
100
AcDbLine
 10
-19.812
 20
-1.9081834665311843
 30
0.0
 11
-19.812
 21
-2.452496830787509
 31
0.0
  0
LINE
  5
6F
330
17
100
AcDbEntity
  8
OBSERVED_WELDS
100
AcDbLine
 10
-19.812
 20
-2.474215867859167
 30
0.0
 11
-19.812
 21
-3.0209704600403358
 31
0.0
  0
LINE
  5
70
330
17
100
AcDbEntity
  8
OBSERVED_WELDS
100
AcDbLine
 10
-19.812
 20
-3.045293540737626
 30
0.0
 11
-19.812
 21
-3.590415807370775
 31
0.0
  0
LINE
  5
71
330
17
100
AcDbEntity
  8
OBSERVED_WELDS
100
AcDbLine
 10
-19.812
 20
-3.6171070447323688
 30
0.0
 11
-19.812
 21
-4.156837901929955
 31
0.0
  0
LINE
  5
72
330
17
100
AcDbEntity
  8
OBSERVED_WELDS
100
AcDbLine
 10
-19.812
 20
-4.185693340198305
 30
0.0
 11
-19.812
 21
-4.419600000000001
 31
0.0
  0
LINE
  5
73
330
17
100
AcDbEntity
  8
OBSERVED_WELDS
100
AcDbLine
 10
-16.764
 20
5.943600000000001
 30
0.0
 11
-16.764
 21
6.802337153383962
 31
0.0
  0
LINE
  5
74
330
17
100
AcDbEntity
  8
OBSERVED_WELDS
100
AcDbLine
 10
-16.764
 20
6.804833683706832
 30
0.0
 11
-16.764
 21
7.163505289000285
 31
0.0
  0
LINE
  5
75
330
17
100
AcDbEntity
  8
OBSERVED_WELDS
100
AcDbLine
 10
-16.764
 20
7.175667544453211
 30
0.0
 11
-16.764
 21
7.585607156621709
 31
0.0
  0
LINE
  5
76
330
17
100
AcDbEntity
  8
OBSERVED_WELDS
100
AcDbLine
 10
-16.764
 20
7.605446871807795
 30
0.0
 11
-16.764
 21
8.065756385084239
 31
0.0
  0
LINE
  5
77
330
17
100
AcDbEntity
  8
OBSERVED_WELDS
100
AcDbLine
 10
-16.764
 20
8.093376087290201
 30
0.0
 11
-16.764
 21
8.617364138330252
 31
0.0
  0
LINE
  5
78
330
17
100
AcDbEntity
  8
OBSERVED_WELDS
100
AcDbLine
 10
-16.764
 20
8.655498289278569
 30
0.0
 11
-16.764
 21
9.289233007413738
 31
0.0
  0
LINE
  5
79
330
17
100
AcDbEntity
  8
OBSERVED_WELDS
100
AcDbLine
 10
-16.764
 20
9.349448998926583
 30
0.0
 11
-16.764
 21
9.601200000000002
 31
0.0
  0
LINE
  5
7A
330
17
100
AcDbEntity
  8
OBSERVED_WELDS
100
AcDbLine
 10
-18.288
 20
5.943600000000001
 30
0.0
 11
-18.288
 21
6.545388322602891
 31
0.0
  0
LINE
  5
7B
330
17
100
AcDbEntity
  8
OBSERVED_WELDS
100
AcDbLine
 10
-18.288
 20
6.62099295844626
 30
0.0
 11
-18.288
 21
7.350551814438074
 31
0.0
  0
LINE
  5
7C
330
17
100
AcDbEntity
  8
OBSERVED_WELDS
100
AcDbLine
 10
-18.288
 20
7.3545366398750645
 30
0.0
 11
-18.288
 21
7.722201155853027
 31
0.0
  0
LINE
  5
7D
330
17
100
AcDbEntity
  8
OBSERVED_WELDS
100
AcDbLine
 10
-18.288
 20
7.734571593920833
 30
0.0
 11
-18.288
 21
8.15123615405145
 31
0.0
  0
LINE
  5
7E
330
17
100
AcDbEntity
  8
OBSERVED_WELDS
100
AcDbLine
 10
-18.288
 20
8.170465279271289
 30
0.0
 11
-18.288
 21
8.636203886963639
 31
0.0
  0
LINE
  5
7F
330
17
100
AcDbEntity
  8
OBSERVED_WELDS
100
AcDbLine
 10
-18.288
 20
8.662501461597667
 30
0.0
 11
-18.288
 21
9.19037313756253
 31
0.0
  0
LINE
  5
80
330
17
100
AcDbEntity
  8
OBSERVED_WELDS
100
AcDbLine
 10
-18.288
 20
9.226131013273703
 30
0.0
 11
-18.288
 21
9.601200000000002
 31
0.0
  0
LINE
  5
81
330
17
100
AcDbEntity
  8
OBSERVED_WELDS
100
AcDbLine
 10
-13.716
 20
9.09127761761155
 30
0.0
 11
-13.716
 21
9.296122884489169
 31
0.0
  0
LINE
  5
82
330
17
100
AcDbEntity
  8
OBSERVED_WELDS
100
AcDbLine
 10
-13.716
 20
9.304656888880254
 30
0.0
 11
-13.716
 21
9.601200000000002
 31
0.0
  0
LINE
  5
83
330
17
100
AcDbEntity
  8
OBSERVED_WELDS
100
AcDbLine
 10
-20.406725026649422
 20
5.9436
 30
0.0
 11
-20.006019936590185
 21
5.9436
 31
0.0
  0
LINE
  5
84
330
17
100
AcDbEntity
  8
OBSERVED_WELDS
100
AcDbLine
 10
-19.95370232680097
 20
5.9436
 30
0.0
 11
-18.763306697937942
 21
5.9436
 31
0.0
  0
LINE
  5
85
330
17
100
AcDbEntity
  8
OBSERVED_WELDS
100
AcDbLine
 10
-18.73451291781843
 20
5.9436
 30
0.0
 11
-18.405292518058772
 21
5.9436
 31
0.0
  0
LINE
  5
86
330
17
100
AcDbEntity
  8
OBSERVED_WELDS
100
AcDbLine
 10
-18.35435182683027
 20
5.9436
 30
0.0
 11
-16.823311539048383
 21
5.9436
 31
0.0
  0
LINE
  5
87
330
17
100
AcDbEntity
  8
OBSERVED_WELDS
100
AcDbLine
 10
-16.774598016908083
 20
5.9436
 30
0.0
 11
-15.344852569413908
 21
5.9436
 31
0.0
  0
LINE
  5
88
330
17
100
AcDbEntity
  8
OBSERVED_WELDS
100
AcDbLine
 10
15.455732483196513
 20
5.9436
 30
0.0
 11
15.998873466059024
 21
5.9436
 31
0.0
  0
LINE
  5
89
330
17
100
AcDbEntity
  8
OBSERVED_WELDS
100
AcDbLine
 10
16.06436065675436
 20
5.9436
 30
0.0
 11
16.886334947924034
 21
5.9436
 31
0.0
  0
LINE
  5
8A
330
17
100
AcDbEntity
  8
OBSERVED_WELDS
100
AcDbLine
 10
16.965644725702077
 20
5.9436
 30
0.0
 11
17.23514612556683
 21
5.9436
 31
0.0
  0
LINE
  5
8B
330
17
100
AcDbEntity
  8
OBSERVED_WELDS
100
AcDbLine
 10
17.248198569610288
 20
5.9436
 30
0.0
 11
18.98652111755802
 21
5.9436
 31
0.0
  0
LINE
  5
8C
330
17
100
AcDbEntity
  8
OBSERVED_WELDS
100
AcDbLine
 10
19.00353436413082
 20
5.9436
 30
0.0
 11
20.406916813526458
 21
5.9436
 31
0.0
  0
LINE
  5
8D
330
17
100
AcDbEntity
  8
OBSERVED_WELDS
100
AcDbLine
 10
18.288
 20
-5.943600000000001
 30
0.0
 11
18.288
 21
-6.5453883226028955
 31
0.0
  0
LINE
  5
8E
330
17
100
AcDbEntity
  8
OBSERVED_WELDS
100
AcDbLine
 10
18.288
 20
-6.620992958446262
 30
0.0
 11
18.288
 21
-7.350551814438075
 31
0.0
  0
LINE
  5
8F
330
17
100
AcDbEntity
  8
OBSERVED_WELDS
100
AcDbLine
 10
18.288
 20
-7.354536639875067
 30
0.0
 11
18.288
 21
-7.7222011558530275
 31
0.0
  0
LINE
  5
90
330
17
100
AcDbEntity
  8
OBSERVED_WELDS
100
AcDbLine
 10
18.288
 20
-7.734571593920833
 30
0.0
 11
18.288
 21
-8.15123615405145
 31
0.0
  0
LINE
  5
91
330
17
100
AcDbEntity
  8
OBSERVED_WELDS
100
AcDbLine
 10
18.288
 20
-8.17046527927129
 30
0.0
 11
18.288
 21
-8.636203886963642
 31
0.0
  0
LINE
  5
92
330
17
100
AcDbEntity
  8
OBSERVED_WELDS
100
AcDbLine
 10
18.288
 20
-8.662501461597673
 30
0.0
 11
18.288
 21
-9.190373137562535
 31
0.0
  0
LINE
  5
93
330
17
100
AcDbEntity
  8
OBSERVED_WELDS
100
AcDbLine
 10
18.288
 20
-9.226131013273747
 30
0.0
 11
18.288
 21
-9.601200000000002
 31
0.0
  0
LINE
  5
94
330
17
100
AcDbEntity
  8
OBSERVED_WELDS
100
AcDbLine
 10
13.716
 20
9.096200838248341
 30
0.0
 11
13.716
 21
9.601200000000002
 31
0.0
  0
LINE
  5
95
330
17
100
AcDbEntity
  8
OBSERVED_WELDS
100
AcDbLine
 10
18.288
 20
5.943600000000001
 30
0.0
 11
18.288
 21
6.373351879536644
 31
0.0
  0
LINE
  5
96
330
17
100
AcDbEntity
  8
OBSERVED_WELDS
100
AcDbLine
 10
18.288
 20
6.412999831848554
 30
0.0
 11
18.288
 21
6.816053481284747
 31
0.0
  0
LINE
  5
97
330
17
100
AcDbEntity
  8
OBSERVED_WELDS
100
AcDbLine
 10
18.288
 20
6.857070337831546
 30
0.0
 11
18.288
 21
7.198528130746407
 31
0.0
  0
LINE
  5
98
330
17
100
AcDbEntity
  8
OBSERVED_WELDS
100
AcDbLine
 10
18.288
 20
7.207898205094
 30
0.0
 11
18.288
 21
7.886673240939944
 31
0.0
  0
LINE
  5
99
330
17
100
AcDbEntity
  8
OBSERVED_WELDS
100
AcDbLine
 10
18.288
 20
7.916044616879203
 30
0.0
 11
18.288
 21
8.612869485395452
 31
0.0
  0
LINE
  5
9A
330
17
100
AcDbEntity
  8
OBSERVED_WELDS
100
AcDbLine
 10
18.288
 20
8.646029868593281
 30
0.0
 11
18.288
 21
9.231093926607
 31
0.0
  0
LINE
  5
9B
330
17
100
AcDbEntity
  8
OBSERVED_WELDS
100
AcDbLine
 10
18.288
 20
9.265769188661496
 30
0.0
 11
18.288
 21
9.601200000000002
 31
0.0
  0
LINE
  5
9C
330
17
100
AcDbEntity
  8
OBSERVED_WELDS
100
AcDbLine
 10
16.764
 20
6.039216414359013
 30
0.0
 11
16.764
 21
6.42845184830548
 31
0.0
  0
LINE
  5
9D
330
17
100
AcDbEntity
  8
OBSERVED_WELDS
100
AcDbLine
 10
16.764
 20
6.473403267608228
 30
0.0
 11
16.764
 21
6.705168088065091
 31
0.0
  0
LINE
  5
9E
330
17
100
AcDbEntity
  8
OBSERVED_WELDS
100
AcDbLine
 10
16.764
 20
6.7153180306222175
 30
0.0
 11
16.764
 21
7.530728031151261
 31
0.0
  0
LINE
  5
9F
330
17
100
AcDbEntity
  8
OBSERVED_WELDS
100
AcDbLine
 10
16.764
 20
7.564259129252155
 30
0.0
 11
16.764
 21
8.235573102074564
 31
0.0
  0
LINE
  5
A0
330
17
100
AcDbEntity
  8
OBSERVED_WELDS
100
AcDbLine
 10
16.764
 20
8.27217364022298
 30
0.0
 11
16.764
 21
8.841045133984585
 31
0.0
  0
LINE
  5
A1
330
17
100
AcDbEntity
  8
OBSERVED_WELDS
100
AcDbLine
 10
16.764
 20
8.878965110654317
 30
0.0
 11
16.764
 21
9.37433797392493
 31
0.0
  0
LINE
  5
A2
330
17
100
AcDbEntity
  8
OBSERVED_WELDS
100
AcDbLine
 10
16.764
 20
9.412864970220173
 30
0.0
 11
16.764
 21
9.601200000000002
 31
0.0
  0
LINE
  5
A3
330
17
100
AcDbEntity
  8
OBSERVED_WELDS
100
AcDbLine
 10
-15.240000000000002
 20
6.223699980439291
 30
0.0
 11
-15.240000000000002
 21
6.571216311779229
 31
0.0
  0
LINE
  5
A4
330
17
100
AcDbEntity
  8
OBSERVED_WELDS
100
AcDbLine
 10
-15.240000000000002
 20
6.5823187404889465
 30
0.0
 11
-15.240000000000002
 21
6.980716997482134
 31
0.0
  0
LINE
  5
A5
330
17
100
AcDbEntity
  8
OBSERVED_WELDS
100
AcDbLine
 10
-15.240000000000002
 20
7.000690261470678
 30
0.0
 11
-15.240000000000002
 21
7.450776618357725
 31
0.0
  0
LINE
  5
A6
330
17
100
AcDbEntity
  8
OBSERVED_WELDS
100
AcDbLine
 10
-15.240000000000002
 20
7.479360382912439
 30
0.0
 11
-15.240000000000002
 21
7.993168346058649
 31
0.0
  0
LINE
  5
A7
330
17
100
AcDbEntity
  8
OBSERVED_WELDS
100
AcDbLine
 10
-15.240000000000002
 20
8.032910426452531
 30
0.0
 11
-15.240000000000002
 21
8.65435805732796
 31
0.0
  0
LINE
  5
A8
330
17
100
AcDbEntity
  8
OBSERVED_WELDS
100
AcDbLine
 10
-15.240000000000002
 20
8.716982939256818
 30
0.0
 11
-15.240000000000002
 21
9.601200000000002
 31
0.0
  0
LINE
  5
A9
330
17
100
AcDbEntity
  8
OBSERVED_WELDS
100
AcDbLine
 10
-20.35448792497917
 20
6.613574033560628
 30
0.0
 11
-20.411694316176632
 21
6.375292265458138
 31
0.0
  0
LINE
  5
AA
330
17
100
AcDbEntity
  8
OBSERVED_WELDS
100
AcDbLine
 10
-20.4141515396509
 20
6.365057193085722
 30
0.0
 11
-20.524292127070282
 21
5.906288629630143
 31
0.0
  0
LINE
  5
AB
330
17
100
AcDbEntity
  8
OBSERVED_WELDS
100
AcDbLine
 10
-20.526404507327285
 20
5.897489932631302
 30
0.0
 11
-20.639114468922866
 21
5.428019155510339
 31
0.0
  0
LINE
  5
AC
330
17
100
AcDbEntity
  8
OBSERVED_WELDS
100
AcDbLine
 10
-20.641033009058784
 20
5.420027860723278
 30
0.0
 11
-20.757114069695835
 21
4.9365154455399285
 31
0.0
  0
LINE
  5
AD
330
17
100
AcDbEntity
  8
OBSERVED_WELDS
100
AcDbLine
 10
-20.758957207662977
 20
4.928838223389146
 30
0.0
 11
-20.878813493601953
 21
4.429600863123641
 31
0.0
  0
LINE
  5
AE
330
17
100
AcDbEntity
  8
OBSERVED_WELDS
100
AcDbLine
 10
-20.880898435723015
 20
4.420916454186124
 30
0.0
 11
-21.00447857997431
 21
3.9061681077484676
 31
0.0
  0
LINE
  5
AF
330
17
100
AcDbEntity
  8
OBSERVED_WELDS
100
AcDbLine
 10
-21.006997807707812
 20
3.8956747690493096
 30
0.0
 11
-21.133726361633816
 21
3.3678123525174506
 31
0.0
  0
LINE
  5
B0
330
17
100
AcDbEntity
  8
OBSERVED_WELDS
100
AcDbLine
 10
-18.439578525095037
 20
-13.397137996975745
 30
0.0
 11
-17.31456160697546
 21
-12.579765361236351
 31
0.0
  0
LINE
  5
B1
330
17
100
AcDbEntity
  8
OBSERVED_WELDS
100
AcDbLine
 10
-19.06929948634244
 20
-9.71629339232252
 30
0.0
 11
-18.878556392844317
 21
-10.027557831255596
 31
0.0
  0
LINE
  5
B2
330
17
100
AcDbEntity
  8
OBSERVED_WELDS
100
AcDbLine
 10
-18.87330090310007
 20
-10.036134011061435
 30
0.0
 11
-18.6255851735418
 21
-10.44036934226944
 31
0.0
  0
LINE
  5
B3
330
17
100
AcDbEntity
  8
OBSERVED_WELDS
100
AcDbLine
 10
-18.621030552902447
 20
-10.447801807643996
 30
0.0
 11
-18.366920532658167
 21
-10.862471672895957
 31
0.0
  0
LINE
  5
B4
330
17
100
AcDbEntity
  8
OBSERVED_WELDS
100
AcDbLine
 10
-18.362727145523678
 20
-10.869314658766157
 30
0.0
 11
-18.100831182565333
 21
-11.296690027771954
 31
0.0
  0
LINE
  5
B5
330
17
100
AcDbEntity
  8
OBSERVED_WELDS
100
AcDbLine
 10
-18.09664545459192
 20
-11.30352051502723
 30
0.0
 11
-17.826256626472134
 21
-11.744754980375278
 31
0.0
  0
LINE
  5
B6
330
17
100
AcDbEntity
  8
OBSERVED_WELDS
100
AcDbLine
 10
-17.821412542921806
 20
-11.752659806289477
 30
0.0
 11
-17.542828657771526
 21
-12.207267389278854
 31
0.0
  0
LINE
  5
B7
330
17
100
AcDbEntity
  8
OBSERVED_WELDS
100
AcDbLine
 10
-17.536894655582003
 20
-12.21695080076325
 30
0.0
 11
-17.31456160697536
 21
-12.57976536123649
 31
0.0
  0
LINE
  5
B8
330
17
100
AcDbEntity
  8
OBSERVED_WELDS
100
AcDbLine
 10
-20.364373074224837
 20
-10.376166344316452
 30
0.0
 11
-20.136678216581373
 21
-10.260150019628098
 31
0.0
  0
LINE
  5
B9
330
17
100
AcDbEntity
  8
OBSERVED_WELDS
100
AcDbLine
 10
-20.08613987664275
 20
-10.23439944925417
 30
0.0
 11
-19.19960039344469
 21
-9.782685020583125
 31
0.0
  0
LINE
  5
BA
330
17
100
AcDbEntity
  8
OBSERVED_WELDS
100
AcDbLine
 10
-20.29315253334216
 20
-6.761650767904169
 30
0.0
 11
-20.11333239331647
 21
-7.195774988742019
 31
0.0
  0
LINE
  5
BB
330
17
100
AcDbEntity
  8
OBSERVED_WELDS
100
AcDbLine
 10
-20.10974637361248
 20
-7.204432406146329
 30
0.0
 11
-19.925942989561506
 21
-7.648173028732262
 31
0.0
  0
LINE
  5
BC
330
17
100
AcDbEntity
  8
OBSERVED_WELDS
100
AcDbLine
 10
-19.922760700298767
 20
-7.65585575462976
 30
0.0
 11
-19.73361681291287
 21
-8.112489492796762
 31
0.0
  0
LINE
  5
BD
330
17
100
AcDbEntity
  8
OBSERVED_WELDS
100
AcDbLine
 10
-19.730615219719038
 20
-8.119735979794045
 30
0.0
 11
-19.53538048069714
 21
-8.591074334587086
 31
0.0
  0
LINE
  5
BE
330
17
100
AcDbEntity
  8
OBSERVED_WELDS
100
AcDbLine
 10
-19.532049589779216
 20
-8.599115816615916
 30
0.0
 11
-19.33063070248562
 21
-9.085384026038215
 31
0.0
  0
LINE
  5
BF
330
17
100
AcDbEntity
  8
OBSERVED_WELDS
100
AcDbLine
 10
-19.326655490440885
 20
-9.09498103686993
 30
0.0
 11
-19.11988630973987
 21
-9.594165997199102
 31
0.0
  0
LINE
  5
C0
330
17
100
AcDbEntity
  8
OBSERVED_WELDS
100
AcDbLine
 10
-21.710371872631356
 20
-7.054127433958586
 30
0.0
 11
-20.35448792497925
 21
-6.613574033560392
 31
0.0
  0
LINE
  5
C1
330
17
100
AcDbEntity
  8
OBSERVED_WELDS
100
AcDbLine
 10
-21.13848131823047
 20
-3.348006532898601
 30
0.0
 11
-21.042058587044682
 21
-3.749636112938248
 31
0.0
  0
LINE
  5
C2
330
17
100
AcDbEntity
  8
OBSERVED_WELDS
100
AcDbLine
 10
-21.039746811417135
 20
-3.759265351428175
 30
0.0
 11
-20.928816631277705
 21
-4.221322805259021
 31
0.0
  0
LINE
  5
C3
330
17
100
AcDbEntity
  8
OBSERVED_WELDS
100
AcDbLine
 10
-20.926801993675372
 20
-4.229714374800836
 30
0.0
 11
-20.812935314871787
 21
-4.70400322584238
 31
0.0
  0
LINE
  5
C4
330
17
100
AcDbEntity
  8
OBSERVED_WELDS
100
AcDbLine
 10
-20.811082775806206
 20
-4.711719606386324
 30
0.0
 11
-20.693688029130314
 21
-5.200703917725246
 31
0.0
  0
LINE
  5
C5
330
17
100
AcDbEntity
  8
OBSERVED_WELDS
100
AcDbLine
 10
-20.691798351978345
 20
-5.2085749895318765
 30
0.0
 11
-20.570611968622593
 21
-5.71335260426169
 31
0.0
  0
LINE
  5
C6
330
17
100
AcDbEntity
  8
OBSERVED_WELDS
100
AcDbLine
 10
-20.56841176066346
 20
-5.722517129968019
 30
0.0
 11
-20.443589430297994
 21
-6.242439553941444
 31
0.0
  0
LINE
  5
C7
330
17
100
AcDbEntity
  8
OBSERVED_WELDS
100
AcDbLine
 10
-20.440880831913947
 20
-6.253721678167775
 30
0.0
 11
-20.35448792497918
 21
-6.613574033560615
 31
0.0
  0
LINE
  5
C8
330
17
100
AcDbEntity
  8
OBSERVED_WELDS
100
AcDbLine
 10
-22.574600782168975
 20
-3.5754655104334083
 30
0.0
 11
-22.387060400713054
 21
-3.5457620320782626
 31
0.0
  0
LINE
  5
C9
330
17
100
AcDbEntity
  8
OBSERVED_WELDS
100
AcDbLine
 10
-22.338289054111534
 20
-3.5380374096429064
 30
0.0
 11
-21.213791496864356
 21
-3.3599344933920046
 31
0.0
  0
LINE
  5
CA
330
17
100
AcDbEntity
  8
OBSERVED_WELDS
100
AcDbLine
 10
-21.40197514682956
 20
1.87e-14
 30
0.0
 11
-21.386501828332808
 21
-0.19660715276775334
 31
0.0
  0
LINE
  5
CB
330
17
100
AcDbEntity
  8
OBSERVED_WELDS
100
AcDbLine
 10
-21.38566512614975
 20
-0.20723846200892118
 30
0.0
 11
-21.348723361048243
 21
-0.6766280927043448
 31
0.0
  0
LINE
  5
CC
330
17
100
AcDbEntity
  8
OBSERVED_WELDS
100
AcDbLine
 10
-21.34799631041404
 20
-0.68586614691612
 30
0.0
 11
-21.310219249539347
 21
-1.1658692167209184
 31
0.0
  0
LINE
  5
CD
330
17
100
AcDbEntity
  8
OBSERVED_WELDS
100
AcDbLine
 10
-21.309570888433615
 20
-1.174107425673277
 30
0.0
 11
-21.27067537817194
 21
-1.6683217423761612
 31
0.0
  0
LINE
  5
CE
330
17
100
AcDbEntity
  8
OBSERVED_WELDS
100
AcDbLine
 10
-21.270058294041082
 20
-1.6761625396823054
 30
0.0
 11
-21.229903121087943
 21
-2.1863823884413676
 31
0.0
  0
LINE
  5
CF
330
17
100
AcDbEntity
  8
OBSERVED_WELDS
100
AcDbLine
 10
-21.229211680738903
 20
-2.1951679710791576
 30
0.0
 11
-21.187796731966532
 21
-2.721394789319105
 31
0.0
  0
LINE
  5
D0
330
17
100
AcDbEntity
  8
OBSERVED_WELDS
100
AcDbLine
 10
-21.186966294545492
 20
-2.7319464972114327
 30
0.0
 11
-21.144462953989184
 21
-3.27200264429124
 31
0.0
  0
LINE
  5
D1
330
17
100
AcDbEntity
  8
OBSERVED_WELDS
100
AcDbLine
 10
-22.854665112265227
 20
4.198902305185709e-15
 30
0.0
 11
-21.40197514682957
 21
3.9e-15
 31
0.0
  0
LINE
  5
D2
330
17
100
AcDbEntity
  8
OBSERVED_WELDS
100
AcDbLine
 10
-21.13848131823048
 20
3.348006532898609
 30
0.0
 11
-21.174659224151764
 21
2.8883226533367
 31
0.0
  0
LINE
  5
D3
330
17
100
AcDbEntity
  8
OBSERVED_WELDS
100
AcDbLine
 10
-21.175426225130593
 20
2.878576981866859
 30
0.0
 11
-21.212795713997444
 21
2.4037526054384486
 31
0.0
  0
LINE
  5
D4
330
17
100
AcDbEntity
  8
OBSERVED_WELDS
100
AcDbLine
 10
-21.21346647179038
 20
2.395229819593002
 30
0.0
 11
-21.25184918466947
 21
1.9075312114214424
 31
0.0
  0
LINE
  5
D5
330
17
100
AcDbEntity
  8
OBSERVED_WELDS
100
AcDbLine
 10
-21.252466172094323
 20
1.8996916428816697
 30
0.0
 11
-21.292048568275284
 21
1.3967496130579655
 31
0.0
  0
LINE
  5
D6
330
17
100
AcDbEntity
  8
OBSERVED_WELDS
100
AcDbLine
 10
-21.292693894244877
 20
1.388549969166747
 30
0.0
 11
-21.333551517011585
 21
0.8694046492595531
 31
0.0
  0
LINE
  5
D7
330
17
100
AcDbEntity
  8
OBSERVED_WELDS
100
AcDbLine
 10
-21.33430389807629
 20
0.8598447414118389
 30
0.0
 11
-21.3763567949626
 21
0.3255120238251008
 31
0.0
  0
LINE
  5
D8
330
17
100
AcDbEntity
  8
OBSERVED_WELDS
100
AcDbLine
 10
-21.377291715088163
 20
0.31363273729772656
 30
0.0
 11
-21.40197514682957
 21
7.993605777301127e-15
 31
0.0
  0
LINE
  5
D9
330
17
100
AcDbEntity
  8
OBSERVED_WELDS
100
AcDbLine
 10
-22.39816800366519
 20
3.547521303555452
 30
0.0
 11
-21.15677555530837
 21
3.350904055399351
 31
0.0
  0
LINE
  5
DA
330
17
100
AcDbEntity
  8
OBSERVED_WELDS
100
AcDbLine
 10
-17.241322888859763
 20
-12.665516882564763
 30
0.0
 11
-16.93675827220275
 21
-13.022116231830859
 31
0.0
  0
LINE
  5
DB
330
17
100
AcDbEntity
  8
OBSERVED_WELDS
100
AcDbLine
 10
-16.930601464449047
 20
-13.029324927517921
 30
0.0
 11
-16.61942903412075
 21
-13.393661032553991
 31
0.0
  0
LINE
  5
DC
330
17
100
AcDbEntity
  8
OBSERVED_WELDS
100
AcDbLine
 10
-16.61399031634802
 20
-13.400028952898401
 30
0.0
 11
-16.293946220006223
 21
-13.774752444237073
 31
0.0
  0
LINE
  5
DD
330
17
100
AcDbEntity
  8
OBSERVED_WELDS
100
AcDbLine
 10
-16.28886059065679
 20
-13.780706951154269
 30
0.0
 11
-15.958584041046828
 21
-14.167411105962241
 31
0.0
  0
LINE
  5
DE
330
17
100
AcDbEntity
  8
OBSERVED_WELDS
100
AcDbLine
 10
-15.952995632021013
 20
-14.173954292245375
 30
0.0
 11
-15.612157610946783
 21
-14.573024341334795
 31
0.0
  0
LINE
  5
DF
330
17
100
AcDbEntity
  8
OBSERVED_WELDS
100
AcDbLine
 10
-15.60559255787777
 20
-14.58071103087215
 30
0.0
 11
-15.255544377296294
 21
-14.990564791224461
 31
0.0
  0
LINE
  5
E0
330
17
100
AcDbEntity
  8
OBSERVED_WELDS
100
AcDbLine
 10
-21.736140686990076
 20
7.062500229292535
 30
0.0
 11
-21.249196075710557
 21
6.9042823341133435
 31
0.0
  0
LINE
  5
E1
330
17
100
AcDbEntity
  8
OBSERVED_WELDS
100
AcDbLine
 10
-21.132028106079492
 20
6.866212153012591
 30
0.0
 11
-20.792491987551905
 21
6.755890180520508
 31
0.0
  0
LINE
  5
E2
330
17
100
AcDbEntity
  8
OBSERVED_WELDS
100
AcDbLine
 10
-20.705362111124167
 20
6.727579967538797
 30
0.0
 11
-20.35448792497918
 21
6.613574033560599
 31
0.0
  0
LINE
  5
E3
330
17
100
AcDbEntity
  8
OBSERVED_WELDS
100
AcDbLine
 10
-19.085230365395034
 20
9.677832848053233
 30
0.0
 11
-19.264190416244805
 21
9.24578506616874
 31
0.0
  0
LINE
  5
E4
330
17
100
AcDbEntity
  8
OBSERVED_WELDS
100
AcDbLine
 10
-19.267884734958614
 20
9.236866191826135
 30
0.0
 11
-19.450583843645244
 21
8.795791525801397
 31
0.0
  0
LINE
  5
E5
330
17
100
AcDbEntity
  8
OBSERVED_WELDS
100
AcDbLine
 10
-19.453826885065176
 20
8.787962131222063
 30
0.0
 11
-19.64158746888294
 21
8.334667983290132
 31
0.0
  0
LINE
  5
E6
330
17
100
AcDbEntity
  8
OBSERVED_WELDS
100
AcDbLine
 10
-19.644582841560496
 20
8.327436513947617
 30
0.0
 11
-19.838265469199847
 21
7.859845287504633
 31
0.0
  0
LINE
  5
E7
330
17
100
AcDbEntity
  8
OBSERVED_WELDS
100
AcDbLine
 10
-19.8414714814446
 20
7.852105289262222
 30
0.0
 11
-20.04137797610744
 21
7.369488318640727
 31
0.0
  0
LINE
  5
E8
330
17
100
AcDbEntity
  8
OBSERVED_WELDS
100
AcDbLine
 10
-20.045114803416986
 20
7.36046681946978
 30
0.0
 11
-20.25069247957353
 21
6.864158405571508
 31
0.0
  0
LINE
  5
E9
330
17
100
AcDbEntity
  8
OBSERVED_WELDS
100
AcDbLine
 10
-20.255346850833686
 20
6.852921759350922
 30
0.0
 11
-20.35448792497919
 21
6.613574033560612
 31
0.0
  0
LINE
  5
EA
330
17
100
AcDbEntity
  8
OBSERVED_WELDS
100
AcDbLine
 10
-20.251667522860775
 20
10.318739997597362
 30
0.0
 11
-19.06929948634244
 21
9.716293392322516
 31
0.0
  0
LINE
  5
EB
330
17
100
AcDbEntity
  8
OBSERVED_WELDS
100
AcDbLine
 10
-17.31456160697535
 20
12.5797653612365
 30
0.0
 11
-17.46764529178536
 21
12.329955491907397
 31
0.0
  0
LINE
  5
EC
330
17
100
AcDbEntity
  8
OBSERVED_WELDS
100
AcDbLine
 10
-17.473075122844968
 20
12.321094812931952
 30
0.0
 11
-17.720060795415925
 21
11.918050826450392
 31
0.0
  0
LINE
  5
ED
330
17
100
AcDbEntity
  8
OBSERVED_WELDS
100
AcDbLine
 10
-17.724689451560607
 20
11.910497546111555
 30
0.0
 11
-17.97768995006601
 21
11.497638255781089
 31
0.0
  0
LINE
  5
EE
330
17
100
AcDbEntity
  8
OBSERVED_WELDS
100
AcDbLine
 10
-17.98196393648523
 20
11.490663743832123
 30
0.0
 11
-18.24257791517782
 21
11.065380383013277
 31
0.0
  0
LINE
  5
EF
330
17
100
AcDbEntity
  8
OBSERVED_WELDS
100
AcDbLine
 10
-18.24672378734887
 20
11.058614934516326
 30
0.0
 11
-18.51583671121454
 21
10.619462555677972
 31
0.0
  0
LINE
  5
F0
330
17
100
AcDbEntity
  8
OBSERVED_WELDS
100
AcDbLine
 10
-18.52057029250499
 20
10.61173805306299
 30
0.0
 11
-18.797962594817996
 21
10.159074956536971
 31
0.0
  0
LINE
  5
F1
330
17
100
AcDbEntity
  8
OBSERVED_WELDS
100
AcDbLine
 10
-18.803715014339605
 20
10.14968786103556
 30
0.0
 11
-19.06929948634244
 21
9.716293392322527
 31
0.0
  0
LINE
  5
F2
330
17
100
AcDbEntity
  8
OBSERVED_WELDS
100
AcDbLine
 10
-18.490025155183687
 20
13.433789619129877
 30
0.0
 11
-18.17866155752507
 21
13.20757072375814
 31
0.0
  0
LINE
  5
F3
330
17
100
AcDbEntity
  8
OBSERVED_WELDS
100
AcDbLine
 10
-18.115906573308767
 20
13.16197655888069
 30
0.0
 11
-17.550092501215296
 21
12.750888572560894
 31
0.0
  0
LINE
  5
F4
330
17
100
AcDbEntity
  8
OBSERVED_WELDS
100
AcDbLine
 10
-17.51309669471272
 20
12.724009545778914
 30
0.0
 11
-17.31456160697539
 21
12.57976536123647
 31
0.0
  0
LINE
  5
F5
330
17
100
AcDbEntity
  8
OBSERVED_WELDS
100
AcDbLine
 10
-15.191317089069
 20
15.06576528377797
 30
0.0
 11
-15.495582169926966
 21
14.709516645872226
 31
0.0
  0
LINE
  5
F6
330
17
100
AcDbEntity
  8
OBSERVED_WELDS
100
AcDbLine
 10
-15.501775742834806
 20
14.702264903720398
 30
0.0
 11
-15.812573381127358
 21
14.338367623776756
 31
0.0
  0
LINE
  5
F7
330
17
100
AcDbEntity
  8
OBSERVED_WELDS
100
AcDbLine
 10
-15.8180327285037
 20
14.331975549269911
 30
0.0
 11
-16.137607333174
 21
13.957801762051103
 31
0.0
  0
LINE
  5
F8
330
17
100
AcDbEntity
  8
OBSERVED_WELDS
100
AcDbLine
 10
-16.142690864617467
 20
13.951849711466203
 30
0.0
 11
-16.47244059274709
 21
13.565762385359902
 31
0.0
  0
LINE
  5
F9
330
17
100
AcDbEntity
  8
OBSERVED_WELDS
100
AcDbLine
 10
-16.477995529131036
 20
13.55925839050498
 30
0.0
 11
-16.818313791538845
 21
13.16079690062462
 31
0.0
  0
LINE
  5
FA
330
17
100
AcDbEntity
  8
OBSERVED_WELDS
100
AcDbLine
 10
-16.824776542178363
 20
13.153229991842451
 30
0.0
 11
-17.174439218477705
 21
12.743827599011617
 31
0.0
  0
LINE
  5
FB
330
17
100
AcDbEntity
  8
OBSERVED_WELDS
100
AcDbLine
 10
-17.18250509536753
 20
12.734383670554845
 30
0.0
 11
-17.31456160697538
 21
12.57976536123646
 31
0.0
  0
LINE
  5
FC
330
17
100
AcDbEntity
  8
OBSERVED_WELDS
100
AcDbLine
 10
-16.10291635868807
 20
16.10291635868808
 30
0.0
 11
-15.133481757109138
 21
15.133481757109152
 31
0.0
  0
LINE
  5
FD
330
17
100
AcDbEntity
  8
OBSERVED_WELDS
100
AcDbLine
 10
-12.579765361236452
 20
17.31456160697538
 30
0.0
 11
-12.839071651642854
 21
17.09309311272009
 31
0.0
  0
LINE
  5
FE
330
17
100
AcDbEntity
  8
OBSERVED_WELDS
100
AcDbLine
 10
-12.846854223098276
 20
17.086446168756776
 30
0.0
 11
-13.206952468271327
 21
16.778893212685183
 31
0.0
  0
LINE
  5
FF
330
17
100
AcDbEntity
  8
OBSERVED_WELDS
100
AcDbLine
 10
-13.213615715581671
 20
16.773202261854955
 30
0.0
 11
-13.582888400327718
 21
16.457813594144113
 31
0.0
  0
LINE
  5
100
330
17
100
AcDbEntity
  8
OBSERVED_WELDS
100
AcDbLine
 10
-13.589030465510502
 20
16.45256777490264
 30
0.0
 11
-13.969546505185978
 21
16.127576374906766
 31
0.0
  0
LINE
  5
101
330
17
100
AcDbEntity
  8
OBSERVED_WELDS
100
AcDbLine
 10
-13.975616996056411
 20
16.122391685903047
 30
0.0
 11
-14.368501884560734
 21
15.786836291021038
 31
0.0
  0
LINE
  5
102
330
17
100
AcDbEntity
  8
OBSERVED_WELDS
100
AcDbLine
 10
-14.375496051694988
 20
15.78086270796077
 30
0.0
 11
-14.780348573458184
 21
15.435085988661642
 31
0.0
  0
LINE
  5
103
330
17
100
AcDbEntity
  8
OBSERVED_WELDS
100
AcDbLine
 10
-14.788894279424662
 20
15.427787266252025
 30
0.0
 11
-15.133481757109138
 21
15.133481757109138
 31
0.0
  0
LINE
  5
104
330
17
100
AcDbEntity
  8
OBSERVED_WELDS
100
AcDbLine
 10
-13.433982773366962
 20
18.490291009183476
 30
0.0
 11
-13.261520646809084
 21
18.2529172562232
 31
0.0
  0
LINE
  5
105
330
17
100
AcDbEntity
  8
OBSERVED_WELDS
100
AcDbLine
 10
-13.225052801774336
 20
18.202723573638835
 30
0.0
 11
-12.689934553786994
 21
17.46619649179484
 31
0.0
  0
LINE
  5
106
330
17
100
AcDbEntity
  8
OBSERVED_WELDS
100
AcDbLine
 10
-9.832689014597467
 20
18.997972157276315
 30
0.0
 11
-10.232938828505368
 21
18.752698755860692
 31
0.0
  0
LINE
  5
107
330
17
100
AcDbEntity
  8
OBSERVED_WELDS
100
AcDbLine
 10
-10.240974741799619
 20
18.747774341860552
 30
0.0
 11
-10.649999246596813
 21
18.497123802952284
 31
0.0
  0
LINE
  5
108
330
17
100
AcDbEntity
  8
OBSERVED_WELDS
100
AcDbLine
 10
-10.657113869937751
 20
18.49276395616164
 30
0.0
 11
-11.07791101763254
 21
18.234899132407236
 31
0.0
  0
LINE
  5
109
330
17
100
AcDbEntity
  8
OBSERVED_WELDS
100
AcDbLine
 10
-11.084592345643758
 20
18.230804809336142
 30
0.0
 11
-11.51889409671128
 21
17.964664353991413
 31
0.0
  0
LINE
  5
10A
330
17
100
AcDbEntity
  8
OBSERVED_WELDS
100
AcDbLine
 10
-11.526272220456319
 20
17.96014303394546
 30
0.0
 11
-11.974396329594732
 21
17.685532226680934
 31
0.0
  0
LINE
  5
10B
330
17
100
AcDbEntity
  8
OBSERVED_WELDS
100
AcDbLine
 10
-11.983172835201835
 20
17.680153977127787
 30
0.0
 11
-12.44326373849766
 21
17.398209908972092
 31
0.0
  0
LINE
  5
10C
330
17
100
AcDbEntity
  8
OBSERVED_WELDS
100
AcDbLine
 10
-10.355871457173416
 20
20.32454211550948
 30
0.0
 11
-9.716293392322516
 21
19.06929948634245
 31
0.0
  0
LINE
  5
10D
330
17
100
AcDbEntity
  8
OBSERVED_WELDS
100
AcDbLine
 10
-21.3420044462292
 20
0.762
 30
0.0
 11
-21.065274916645357
 21
0.762
 31
0.0
  0
LINE
  5
10E
330
17
100
AcDbEntity
  8
OBSERVED_WELDS
100
AcDbLine
 10
-21.015297081632937
 20
0.762
 30
0.0
 11
-19.802311604123293
 21
0.762
 31
0.0
  0
LINE
  5
10F
330
17
100
AcDbEntity
  8
OBSERVED_WELDS
100
AcDbLine
 10
-19.788793860321917
 20
0.762
 30
0.0
 11
-19.5414028253851
 21
0.762
 31
0.0
  0
LINE
  5
110
330
17
100
AcDbEntity
  8
OBSERVED_WELDS
100
AcDbLine
 10
-19.494833983663234
 20
0.762
 30
0.0
 11
-18.127048119584554
 21
0.762
 31
0.0
  0
LINE
  5
111
330
17
100
AcDbEntity
  8
OBSERVED_WELDS
100
AcDbLine
 10
-17.99174946355582
 20
0.762
 30
0.0
 11
-16.441042329998968
 21
0.762
 31
0.0
  0
LINE
  5
112
330
17
100
AcDbEntity
  8
OBSERVED_WELDS
100
AcDbLine
 10
16.43701208777463
 20
0.762
 30
0.0
 11
17.050895619668925
 21
0.762
 31
0.0
  0
LINE
  5
113
330
17
100
AcDbEntity
  8
OBSERVED_WELDS
100
AcDbLine
 10
17.50495396477213
 20
0.762
 30
0.0
 11
18.038719062878588
 21
0.762
 31
0.0
  0
LINE
  5
114
330
17
100
AcDbEntity
  8
OBSERVED_WELDS
100
AcDbLine
 10
18.115124404939575
 20
0.762
 30
0.0
 11
19.599526431309133
 21
0.762
 31
0.0
  0
LINE
  5
115
330
17
100
AcDbEntity
  8
OBSERVED_WELDS
100
AcDbLine
 10
19.78410603980581
 20
0.762
 30
0.0
 11
21.131861587438525
 21
0.762
 31
0.0
  0
LINE
  5
116
330
17
100
AcDbEntity
  8
OBSERVED_WELDS
100
AcDbLine
 10
20.1168
 20
0.762
 30
0.0
 11
20.1168
 21
0.4926608689510345
 31
0.0
  0
LINE
  5
117
330
17
100
AcDbEntity
  8
OBSERVED_WELDS
100
AcDbLine
 10
20.1168
 20
0.4681533313422627
 30
0.0
 11
20.1168
 21
-0.03225937902468179
 31
0.0
  0
LINE
  5
118
330
17
100
AcDbEntity
  8
OBSERVED_WELDS
100
AcDbLine
 10
20.1168
 20
-0.056330946935838615
 30
0.0
 11
20.1168
 21
-0.5515583458001372
 31
0.0
  0
LINE
  5
119
330
17
100
AcDbEntity
  8
OBSERVED_WELDS
100
AcDbLine
 10
20.1168
 20
-0.5756088162870259
 30
0.0
 11
20.1168
 21
-0.762
 31
0.0
  0
LINE
  5
11A
330
17
100
AcDbEntity
  8
OBSERVED_WELDS
100
AcDbLine
 10
16.4592
 20
0.762
 30
0.0
 11
16.4592
 21
0.28178907387692564
 31
0.0
  0
LINE
  5
11B
330
17
100
AcDbEntity
  8
OBSERVED_WELDS
100
AcDbLine
 10
16.4592
 20
0.2666040528754562
 30
0.0
 11
16.4592
 21
-0.17700082758652924
 31
0.0
  0
LINE
  5
11C
330
17
100
AcDbEntity
  8
OBSERVED_WELDS
100
AcDbLine
 10
16.4592
 20
-0.2459946095675738
 30
0.0
 11
16.4592
 21
-0.731562039468367
 31
0.0
  0
LINE
  5
11D
330
17
100
AcDbEntity
  8
OBSERVED_WELDS
100
AcDbLine
 10
-21.131861587438546
 20
-0.762
 30
0.0
 11
-19.784106039805803
 21
-0.762
 31
0.0
  0
LINE
  5
11E
330
17
100
AcDbEntity
  8
OBSERVED_WELDS
100
AcDbLine
 10
-19.599526431309137
 20
-0.762
 30
0.0
 11
-18.115124404939586
 21
-0.762
 31
0.0
  0
LINE
  5
11F
330
17
100
AcDbEntity
  8
OBSERVED_WELDS
100
AcDbLine
 10
-18.038719062878585
 20
-0.762
 30
0.0
 11
-17.50495396477219
 21
-0.762
 31
0.0
  0
LINE
  5
120
330
17
100
AcDbEntity
  8
OBSERVED_WELDS
100
AcDbLine
 10
-17.05089561966888
 20
-0.762
 30
0.0
 11
-16.43701208777462
 21
-0.762
 31
0.0
  0
LINE
  5
121
330
17
100
AcDbEntity
  8
OBSERVED_WELDS
100
AcDbLine
 10
16.441042329998975
 20
-0.762
 30
0.0
 11
17.991749463555816
 21
-0.762
 31
0.0
  0
LINE
  5
122
330
17
100
AcDbEntity
  8
OBSERVED_WELDS
100
AcDbLine
 10
18.12704811958456
 20
-0.762
 30
0.0
 11
19.494833983663238
 21
-0.762
 31
0.0
  0
LINE
  5
123
330
17
100
AcDbEntity
  8
OBSERVED_WELDS
100
AcDbLine
 10
19.541402825385102
 20
-0.762
 30
0.0
 11
19.7887938603219
 21
-0.762
 31
0.0
  0
LINE
  5
124
330
17
100
AcDbEntity
  8
OBSERVED_WELDS
100
AcDbLine
 10
19.802311604123293
 20
-0.762
 30
0.0
 11
21.01529708163294
 21
-0.762
 31
0.0
  0
LINE
  5
125
330
17
100
AcDbEntity
  8
OBSERVED_WELDS
100
AcDbLine
 10
21.065274916645375
 20
-0.762
 30
0.0
 11
21.342004446229208
 21
-0.762
 31
0.0
  0
LINE
  5
126
330
17
100
AcDbEntity
  8
OBSERVED_WELDS
100
AcDbLine
 10
-6.613574033560567
 20
20.3544879249792
 30
0.0
 11
-6.973008969588352
 21
20.205605099685783
 31
0.0
  0
LINE
  5
127
330
17
100
AcDbEntity
  8
OBSERVED_WELDS
100
AcDbLine
 10
-6.982218400168532
 20
20.20179042863774
 30
0.0
 11
-7.420729054248644
 21
20.020153368472663
 31
0.0
  0
LINE
  5
128
330
17
100
AcDbEntity
  8
OBSERVED_WELDS
100
AcDbLine
 10
-7.428741633045809
 20
20.016834449665293
 30
0.0
 11
-7.878716866148183
 21
19.830448605382294
 31
0.0
  0
LINE
  5
129
330
17
100
AcDbEntity
  8
OBSERVED_WELDS
100
AcDbLine
 10
-7.886087940710683
 20
19.827395406329245
 30
0.0
 11
-8.349937455080413
 21
19.63526264657713
 31
0.0
  0
LINE
  5
12A
330
17
100
AcDbEntity
  8
OBSERVED_WELDS
100
AcDbLine
 10
-8.35736647339941
 20
19.63218544643428
 30
0.0
 11
-8.836219141011771
 21
19.433838177130706
 31
0.0
  0
LINE
  5
12B
330
17
100
AcDbEntity
  8
OBSERVED_WELDS
100
AcDbLine
 10
-8.84485432591226
 20
19.430261366431324
 30
0.0
 11
-9.338147157798995
 21
19.225932785242406
 31
0.0
  0
LINE
  5
12C
330
17
100
AcDbEntity
  8
OBSERVED_WELDS
100
AcDbLine
 10
-9.348751833350768
 20
19.221540184804297
 30
0.0
 11
-9.716293392322507
 21
19.06929948634245
 31
0.0
  0
LINE
  5
12D
330
17
100
AcDbEntity
  8
OBSERVED_WELDS
100
AcDbLine
 10
-3.3480065328985944
 20
-21.13848131823047
 30
0.0
 11
-3.1275659899715857
 21
-21.155830365212168
 31
0.0
  0
LINE
  5
12E
330
17
100
AcDbEntity
  8
OBSERVED_WELDS
100
AcDbLine
 10
-3.1170041548987966
 20
-21.156661599659596
 30
0.0
 11
-2.647136157024928
 21
-21.193641013074537
 31
0.0
  0
LINE
  5
12F
330
17
100
AcDbEntity
  8
OBSERVED_WELDS
100
AcDbLine
 10
-2.637974699089967
 20
-21.19436203545102
 30
0.0
 11
-2.1573469030239147
 21
-21.232188263348775
 31
0.0
  0
LINE
  5
130
330
17
100
AcDbEntity
  8
OBSERVED_WELDS
100
AcDbLine
 10
-2.149132126832935
 20
-21.232834780256187
 30
0.0
 11
-1.654168561326033
 21
-21.27178925767758
 31
0.0
  0
LINE
  5
131
330
17
100
AcDbEntity
  8
OBSERVED_WELDS
100
AcDbLine
 10
-1.646313757079942
 20
-21.27240744417852
 30
0.0
 11
-1.1352836826283812
 21
-21.31262638327657
 31
0.0
  0
LINE
  5
132
330
17
100
AcDbEntity
  8
OBSERVED_WELDS
100
AcDbLine
 10
-1.1264402905856992
 20
-21.313322373324446
 30
0.0
 11
-0.5994552957706403
 21
-21.354796991887355
 31
0.0
  0
LINE
  5
133
330
17
100
AcDbEntity
  8
OBSERVED_WELDS
100
AcDbLine
 10
-0.5888016496025039
 20
-21.355635452024693
 30
0.0
 11
-0.048146971879575944
 21
-21.3981858979642
 31
0.0
  0
LINE
  5
134
330
17
100
AcDbEntity
  8
OBSERVED_WELDS
100
AcDbLine
 10
-3.5752598807570743
 20
-22.573302487486846
 30
0.0
 11
-3.4799835568713857
 21
-21.971751453240913
 31
0.0
  0
LINE
  5
135
330
17
100
AcDbEntity
  8
OBSERVED_WELDS
100
AcDbLine
 10
-3.4206054235563523
 20
-21.596852674084545
 30
0.0
 11
-3.348006532898607
 21
-21.13848131823048
 31
0.0
  0
LINE
  5
136
330
17
100
AcDbEntity
  8
OBSERVED_WELDS
100
AcDbLine
 10
-6.5962137088316775
 20
-20.35865577019733
 30
0.0
 11
-6.141802893190549
 21
-20.46775015492904
 31
0.0
  0
LINE
  5
137
330
17
100
AcDbEntity
  8
OBSERVED_WELDS
100
AcDbLine
 10
-6.132357157050471
 20
-20.470017875540147
 30
0.0
 11
-5.668680605647506
 21
-20.581336766615518
 31
0.0
  0
LINE
  5
138
330
17
100
AcDbEntity
  8
OBSERVED_WELDS
100
AcDbLine
 10
-5.660404741570223
 20
-20.583323625793508
 30
0.0
 11
-5.184010254446425
 21
-20.697695823094797
 31
0.0
  0
LINE
  5
139
330
17
100
AcDbEntity
  8
OBSERVED_WELDS
100
AcDbLine
 10
-5.17639191660681
 20
-20.699524824189584
 30
0.0
 11
-4.685046614415848
 21
-20.817486394619436
 31
0.0
  0
LINE
  5
13A
330
17
100
AcDbEntity
  8
OBSERVED_WELDS
100
AcDbLine
 10
-4.676977380278785
 20
-20.81942364633779
 30
0.0
 11
-4.169822613090464
 21
-20.941180733505927
 31
0.0
  0
LINE
  5
13B
330
17
100
AcDbEntity
  8
OBSERVED_WELDS
100
AcDbLine
 10
-4.160414183877531
 20
-20.943439497516263
 30
0.0
 11
-3.638645697726719
 21
-21.06870502819846
 31
0.0
  0
LINE
  5
13C
330
17
100
AcDbEntity
  8
OBSERVED_WELDS
100
AcDbLine
 10
-3.626940391911905
 20
-21.071515223493133
 30
0.0
 11
-3.3480065328985447
 21
-21.13848131823049
 31
0.0
  0
LINE
  5
13D
330
17
100
AcDbEntity
  8
OBSERVED_WELDS
100
AcDbLine
 10
-7.015979054837982
 20
-21.592963234241164
 30
0.0
 11
-6.61357403356062
 21
-20.35448792497918
 31
0.0
  0
LINE
  5
13E
330
17
100
AcDbEntity
  8
OBSERVED_WELDS
100
AcDbLine
 10
-9.716293392322484
 20
-19.06929948634246
 30
0.0
 11
-9.467763833798905
 21
-19.172243800133522
 31
0.0
  0
LINE
  5
13F
330
17
100
AcDbEntity
  8
OBSERVED_WELDS
100
AcDbLine
 10
-9.45810151381225
 20
-19.176246064115983
 30
0.0
 11
-9.02176058959685
 21
-19.356984392744415
 31
0.0
  0
LINE
  5
140
330
17
100
AcDbEntity
  8
OBSERVED_WELDS
100
AcDbLine
 10
-9.013527938662675
 20
-19.360394468415635
 30
0.0
 11
-8.566822501024003
 21
-19.54542591907138
 31
0.0
  0
LINE
  5
141
330
17
100
AcDbEntity
  8
OBSERVED_WELDS
100
AcDbLine
 10
-8.559248285790542
 20
-19.548563261745414
 30
0.0
 11
-8.099142570594717
 21
-19.739145289104897
 31
0.0
  0
LINE
  5
142
330
17
100
AcDbEntity
  8
OBSERVED_WELDS
100
AcDbLine
 10
-8.091831078579775
 20
-19.74217380825867
 30
0.0
 11
-7.616738450842682
 21
-19.938963618050845
 31
0.0
  0
LINE
  5
143
330
17
100
AcDbEntity
  8
OBSERVED_WELDS
100
AcDbLine
 10
-7.608428991002483
 20
-19.94240550901265
 30
0.0
 11
-7.118647697589568
 21
-20.145279563340917
 31
0.0
  0
LINE
  5
144
330
17
100
AcDbEntity
  8
OBSERVED_WELDS
100
AcDbLine
 10
-7.108578224284216
 20
-20.149450475749948
 30
0.0
 11
-6.613574033560546
 21
-20.35448792497921
 31
0.0
  0
LINE
  5
145
330
17
100
AcDbEntity
  8
OBSERVED_WELDS
100
AcDbLine
 10
-10.375867968324759
 20
-20.363787478368454
 30
0.0
 11
-10.1752602327819
 21
-19.970072629106443
 31
0.0
  0
LINE
  5
146
330
17
100
AcDbEntity
  8
OBSERVED_WELDS
100
AcDbLine
 10
-10.133321721722321
 20
-19.88776366671567
 30
0.0
 11
-9.8801546387658
 21
-19.390895290057106
 31
0.0
  0
LINE
  5
147
330
17
100
AcDbEntity
  8
OBSERVED_WELDS
100
AcDbLine
 10
-9.852742468594267
 20
-19.33709587689976
 30
0.0
 11
-9.716293392322553
 21
-19.06929948634242
 31
0.0
  0
LINE
  5
148
330
17
100
AcDbEntity
  8
OBSERVED_WELDS
100
AcDbLine
 10
-12.524037749685528
 20
-17.348711531254946
 30
0.0
 11
-12.124967707583009
 21
-17.593261967578403
 31
0.0
  0
LINE
  5
149
330
17
100
AcDbEntity
  8
OBSERVED_WELDS
100
AcDbLine
 10
-12.116786999377066
 20
-17.598275112014548
 30
0.0
 11
-11.709238677714588
 21
-17.84802104473442
 31
0.0
  0
LINE
  5
14A
330
17
100
AcDbEntity
  8
OBSERVED_WELDS
100
AcDbLine
 10
-11.702042814598947
 20
-17.852430675323035
 30
0.0
 11
-11.283094844557072
 21
-18.10916232155432
 31
0.0
  0
LINE
  5
14B
330
17
100
AcDbEntity
  8
OBSERVED_WELDS
100
AcDbLine
 10
-11.276421797028348
 20
-18.113251570339216
 30
0.0
 11
-10.844194979321431
 21
-18.378120504885228
 31
0.0
  0
LINE
  5
14C
330
17
100
AcDbEntity
  8
OBSERVED_WELDS
100
AcDbLine
 10
-10.836979403715384
 20
-18.3825422153035
 30
0.0
 11
-10.390881364808324
 21
-18.655911445133423
 31
0.0
  0
LINE
  5
14D
330
17
100
AcDbEntity
  8
OBSERVED_WELDS
100
AcDbLine
 10
-10.382477247140546
 20
-18.66106149506386
 30
0.0
 11
-9.923925591661071
 21
-18.942062310944554
 31
0.0
  0
LINE
  5
14E
330
17
100
AcDbEntity
  8
OBSERVED_WELDS
100
AcDbLine
 10
-9.913446921382409
 20
-18.948483648349974
 30
0.0
 11
-9.716293392322495
 21
-19.06929948634246
 31
0.0
  0
LINE
  5
14F
330
17
100
AcDbEntity
  8
OBSERVED_WELDS
100
AcDbLine
 10
-13.37319208396351
 20
-18.40661980335548
 30
0.0
 11
-12.579765361236511
 21
-17.31456160697534
 31
0.0
  0
LINE
  5
150
330
17
100
AcDbEntity
  8
OBSERVED_WELDS
100
AcDbLine
 10
-15.13348175710913
 20
-15.133481757109152
 30
0.0
 11
-14.892444338942092
 21
-15.339347160439603
 31
0.0
  0
LINE
  5
151
330
17
100
AcDbEntity
  8
OBSERVED_WELDS
100
AcDbLine
 10
-14.884591777424154
 20
-15.346053881563483
 30
0.0
 11
-14.524833092978504
 21
-15.653316825376262
 31
0.0
  0
LINE
  5
152
330
17
100
AcDbEntity
  8
OBSERVED_WELDS
100
AcDbLine
 10
-14.51813392715333
 20
-15.659038453516258
 30
0.0
 11
-14.149399477593898
 21
-15.973967424949976
 31
0.0
  0
LINE
  5
153
330
17
100
AcDbEntity
  8
OBSERVED_WELDS
100
AcDbLine
 10
-14.143214736893453
 20
-15.979249692526823
 30
0.0
 11
-13.76332415983915
 21
-16.303706896978476
 31
0.0
  0
LINE
  5
154
330
17
100
AcDbEntity
  8
OBSERVED_WELDS
100
AcDbLine
 10
-13.75727299747962
 20
-16.308875077874355
 30
0.0
 11
-13.36500706466341
 21
-16.643901834657992
 31
0.0
  0
LINE
  5
155
330
17
100
AcDbEntity
  8
OBSERVED_WELDS
100
AcDbLine
 10
-13.358066496913628
 20
-16.64982963951923
 30
0.0
 11
-12.953792026339567
 21
-16.995112656462506
 31
0.0
  0
LINE
  5
156
330
17
100
AcDbEntity
  8
OBSERVED_WELDS
100
AcDbLine
 10
-12.945334401178812
 20
-17.002336150757195
 30
0.0
 11
-12.57976536123644
 21
-17.3145616069754
 31
0.0
  0
LINE
  5
157
330
17
100
AcDbEntity
  8
OBSERVED_WELDS
100
AcDbLine
 10
-16.160979134077404
 20
-16.160979134077255
 30
0.0
 11
-15.923244988402448
 21
-15.923244988402299
 31
0.0
  0
LINE
  5
158
330
17
100
AcDbEntity
  8
OBSERVED_WELDS
100
AcDbLine
 10
-15.87490495474164
 20
-15.874904954741488
 30
0.0
 11
-15.299716408928626
 21
-15.299716408928479
 31
0.0
  0
LINE
  5
159
330
17
100
AcDbEntity
  8
OBSERVED_WELDS
100
AcDbLine
 10
-15.273893861398177
 20
-15.273893861398028
 30
0.0
 11
-15.13348175710922
 21
-15.13348175710907
 31
0.0
  0
LINE
  5
15A
330
17
100
AcDbEntity
  8
OBSERVED_WELDS
100
AcDbLine
 10
16.102916358688052
 20
-16.10291635868814
 30
0.0
 11
15.13348175710909
 21
-15.13348175710919
 31
0.0
  0
LINE
  5
15B
330
17
100
AcDbEntity
  8
OBSERVED_WELDS
100
AcDbLine
 10
21.40197514682957
 20
-3.02e-14
 30
0.0
 11
21.38650182833282
 21
0.19660715276776505
 31
0.0
  0
LINE
  5
15C
330
17
100
AcDbEntity
  8
OBSERVED_WELDS
100
AcDbLine
 10
21.385665126149757
 20
0.20723846200892868
 30
0.0
 11
21.34872336104825
 21
0.6766280927043513
 31
0.0
  0
LINE
  5
15D
330
17
100
AcDbEntity
  8
OBSERVED_WELDS
100
AcDbLine
 10
21.347996310414043
 20
0.6858661469161307
 30
0.0
 11
21.31021924953935
 21
1.1658692167209277
 31
0.0
  0
LINE
  5
15E
330
17
100
AcDbEntity
  8
OBSERVED_WELDS
100
AcDbLine
 10
21.309570888433623
 20
1.1741074256732955
 30
0.0
 11
21.270675378171944
 21
1.668321742376178
 31
0.0
  0
LINE
  5
15F
330
17
100
AcDbEntity
  8
OBSERVED_WELDS
100
AcDbLine
 10
21.270058294041085
 20
1.676162539682313
 30
0.0
 11
21.229903121087947
 21
2.186382388441373
 31
0.0
  0
LINE
  5
160
330
17
100
AcDbEntity
  8
OBSERVED_WELDS
100
AcDbLine
 10
21.229211680738906
 20
2.1951679710791585
 30
0.0
 11
21.187796731966532
 21
2.721394789319103
 31
0.0
  0
LINE
  5
161
330
17
100
AcDbEntity
  8
OBSERVED_WELDS
100
AcDbLine
 10
21.186966294545492
 20
2.7319464972114345
 30
0.0
 11
21.144462953989184
 21
3.27200264429124
 31
0.0
  0
LINE
  5
162
330
17
100
AcDbEntity
  8
OBSERVED_WELDS
100
AcDbLine
 10
22.854665112265227
 20
-2.5490073179654285e-13
 30
0.0
 11
21.40197514682957
 21
-2.551e-13
 31
0.0
  0
LINE
  5
163
330
17
100
AcDbEntity
  8
OBSERVED_WELDS
100
AcDbLine
 10
21.13848131823047
 20
-3.348006532898589
 30
0.0
 11
21.174659224151753
 21
-2.888322653336706
 31
0.0
  0
LINE
  5
164
330
17
100
AcDbEntity
  8
OBSERVED_WELDS
100
AcDbLine
 10
21.17542622513058
 20
-2.8785769818668725
 30
0.0
 11
21.212795713997433
 21
-2.403752605438461
 31
0.0
  0
LINE
  5
165
330
17
100
AcDbEntity
  8
OBSERVED_WELDS
100
AcDbLine
 10
21.21346647179037
 20
-2.3952298195930157
 30
0.0
 11
21.251849184669464
 21
-1.9075312114214542
 31
0.0
  0
LINE
  5
166
330
17
100
AcDbEntity
  8
OBSERVED_WELDS
100
AcDbLine
 10
21.252466172094312
 20
-1.8996916428816935
 30
0.0
 11
21.292048568275277
 21
-1.3967496130579866
 31
0.0
  0
LINE
  5
167
330
17
100
AcDbEntity
  8
OBSERVED_WELDS
100
AcDbLine
 10
21.29269389424487
 20
-1.3885499691667693
 30
0.0
 11
21.33355151701158
 21
-0.8694046492595731
 31
0.0
  0
LINE
  5
168
330
17
100
AcDbEntity
  8
OBSERVED_WELDS
100
AcDbLine
 10
21.334303898076282
 20
-0.8598447414118588
 30
0.0
 11
21.376356794962597
 21
-0.3255120238251181
 31
0.0
  0
LINE
  5
169
330
17
100
AcDbEntity
  8
OBSERVED_WELDS
100
AcDbLine
 10
21.37729171508816
 20
-0.3136327372977279
 30
0.0
 11
21.40197514682957
 21
2.3092638912203256e-14
 31
0.0
  0
LINE
  5
16A
330
17
100
AcDbEntity
  8
OBSERVED_WELDS
100
AcDbLine
 10
22.398168003665358
 20
-3.547521303555689
 30
0.0
 11
21.156775555308133
 21
-3.3509040553995244
 31
0.0
  0
LINE
  5
16B
330
17
100
AcDbEntity
  8
OBSERVED_WELDS
100
AcDbLine
 10
20.3544879249792
 20
-6.613574033560585
 30
0.0
 11
20.411694316176654
 21
-6.375292265458129
 31
0.0
  0
LINE
  5
16C
330
17
100
AcDbEntity
  8
OBSERVED_WELDS
100
AcDbLine
 10
20.41415153965092
 20
-6.3650571930857085
 30
0.0
 11
20.5242921270703
 21
-5.906288629630129
 31
0.0
  0
LINE
  5
16D
330
17
100
AcDbEntity
  8
OBSERVED_WELDS
100
AcDbLine
 10
20.52640450732731
 20
-5.897489932631272
 30
0.0
 11
20.639114468922887
 21
-5.42801915551031
 31
0.0
  0
LINE
  5
16E
330
17
100
AcDbEntity
  8
OBSERVED_WELDS
100
AcDbLine
 10
20.641033009058805
 20
-5.420027860723266
 30
0.0
 11
20.757114069695852
 21
-4.936515445539917
 31
0.0
  0
LINE
  5
16F
330
17
100
AcDbEntity
  8
OBSERVED_WELDS
100
AcDbLine
 10
20.758957207662995
 20
-4.928838223389134
 30
0.0
 11
20.878813493601967
 21
-4.42960086312363
 31
0.0
  0
LINE
  5
170
330
17
100
AcDbEntity
  8
OBSERVED_WELDS
100
AcDbLine
 10
20.880898435723033
 20
-4.420916454186115
 30
0.0
 11
21.004478579974325
 21
-3.9061681077484582
 31
0.0
  0
LINE
  5
171
330
17
100
AcDbEntity
  8
OBSERVED_WELDS
100
AcDbLine
 10
21.006997807707826
 20
-3.8956747690493083
 30
0.0
 11
21.133726361633823
 21
-3.3678123525174533
 31
0.0
  0
LINE
  5
172
330
17
100
AcDbEntity
  8
OBSERVED_WELDS
100
AcDbLine
 10
21.736140686990026
 20
-7.062500229292698
 30
0.0
 11
21.249196075710966
 21
-6.904282334113654
 31
0.0
  0
LINE
  5
173
330
17
100
AcDbEntity
  8
OBSERVED_WELDS
100
AcDbLine
 10
21.13202810608017
 20
-6.86621215301299
 30
0.0
 11
20.792491987551067
 21
-6.755890180520415
 31
0.0
  0
LINE
  5
174
330
17
100
AcDbEntity
  8
OBSERVED_WELDS
100
AcDbLine
 10
20.705362111123648
 20
-6.727579967538806
 30
0.0
 11
20.35448792497913
 21
-6.613574033560761
 31
0.0
  0
LINE
  5
175
330
17
100
AcDbEntity
  8
OBSERVED_WELDS
100
AcDbLine
 10
19.085230365395045
 20
-9.677832848053226
 30
0.0
 11
19.264190416244812
 21
-9.245785066168732
 31
0.0
  0
LINE
  5
176
330
17
100
AcDbEntity
  8
OBSERVED_WELDS
100
AcDbLine
 10
19.26788473495862
 20
-9.236866191826135
 30
0.0
 11
19.450583843645248
 21
-8.795791525801395
 31
0.0
  0
LINE
  5
177
330
17
100
AcDbEntity
  8
OBSERVED_WELDS
100
AcDbLine
 10
19.45382688506518
 20
-8.787962131222063
 30
0.0
 11
19.641587468882943
 21
-8.334667983290132
 31
0.0
  0
LINE
  5
178
330
17
100
AcDbEntity
  8
OBSERVED_WELDS
100
AcDbLine
 10
19.644582841560492
 20
-8.327436513947625
 30
0.0
 11
19.838265469199847
 21
-7.859845287504641
 31
0.0
  0
LINE
  5
179
330
17
100
AcDbEntity
  8
OBSERVED_WELDS
100
AcDbLine
 10
19.841471481444596
 20
-7.852105289262233
 30
0.0
 11
20.041377976107437
 21
-7.369488318640737
 31
0.0
  0
LINE
  5
17A
330
17
100
AcDbEntity
  8
OBSERVED_WELDS
100
AcDbLine
 10
20.045114803416983
 20
-7.360466819469782
 30
0.0
 11
20.250692479573527
 21
-6.864158405571512
 31
0.0
  0
LINE
  5
17B
330
17
100
AcDbEntity
  8
OBSERVED_WELDS
100
AcDbLine
 10
20.255346850833682
 20
-6.852921759350927
 30
0.0
 11
20.35448792497921
 21
-6.613574033560552
 31
0.0
  0
LINE
  5
17C
330
17
100
AcDbEntity
  8
OBSERVED_WELDS
100
AcDbLine
 10
20.251667522860828
 20
-10.31873999759754
 30
0.0
 11
19.06929948634239
 21
-9.716293392322635
 31
0.0
  0
LINE
  5
17D
330
17
100
AcDbEntity
  8
OBSERVED_WELDS
100
AcDbLine
 10
17.31456160697538
 20
-12.579765361236452
 30
0.0
 11
17.46764529178536
 21
-12.329955491907397
 31
0.0
  0
LINE
  5
17E
330
17
100
AcDbEntity
  8
OBSERVED_WELDS
100
AcDbLine
 10
17.47307512284496
 20
-12.321094812931959
 30
0.0
 11
17.72006079541592
 21
-11.918050826450399
 31
0.0
  0
LINE
  5
17F
330
17
100
AcDbEntity
  8
OBSERVED_WELDS
100
AcDbLine
 10
17.7246894515606
 20
-11.910497546111564
 30
0.0
 11
17.977689950066004
 21
-11.497638255781098
 31
0.0
  0
LINE
  5
180
330
17
100
AcDbEntity
  8
OBSERVED_WELDS
100
AcDbLine
 10
17.981963936485222
 20
-11.490663743832133
 30
0.0
 11
18.242577915177808
 21
-11.06538038301329
 31
0.0
  0
LINE
  5
181
330
17
100
AcDbEntity
  8
OBSERVED_WELDS
100
AcDbLine
 10
18.246723787348863
 20
-11.058614934516337
 30
0.0
 11
18.515836711214533
 21
-10.61946255567798
 31
0.0
  0
LINE
  5
182
330
17
100
AcDbEntity
  8
OBSERVED_WELDS
100
AcDbLine
 10
18.520570292504992
 20
-10.611738053062982
 30
0.0
 11
18.797962594818
 21
-10.159074956536966
 31
0.0
  0
LINE
  5
183
330
17
100
AcDbEntity
  8
OBSERVED_WELDS
100
AcDbLine
 10
18.80371501433961
 20
-10.149687861035554
 30
0.0
 11
19.06929948634245
 21
-9.716293392322505
 31
0.0
  0
LINE
  5
184
330
17
100
AcDbEntity
  8
OBSERVED_WELDS
100
AcDbLine
 10
18.490025155183634
 20
-13.433789619129952
 30
0.0
 11
18.178661557525157
 21
-13.207570723758321
 31
0.0
  0
LINE
  5
185
330
17
100
AcDbEntity
  8
OBSERVED_WELDS
100
AcDbLine
 10
18.115906573308898
 20
-13.161976558880902
 30
0.0
 11
17.55009250121506
 21
-12.750888572560843
 31
0.0
  0
LINE
  5
186
330
17
100
AcDbEntity
  8
OBSERVED_WELDS
100
AcDbLine
 10
17.513096694712512
 20
-12.724009545778884
 30
0.0
 11
17.31456160697532
 21
-12.579765361236541
 31
0.0
  0
LINE
  5
187
330
17
100
AcDbEntity
  8
OBSERVED_WELDS
100
AcDbLine
 10
15.191317089068981
 20
-15.065765283777974
 30
0.0
 11
15.495582169926946
 21
-14.709516645872231
 31
0.0
  0
LINE
  5
188
330
17
100
AcDbEntity
  8
OBSERVED_WELDS
100
AcDbLine
 10
15.501775742834784
 20
-14.702264903720403
 30
0.0
 11
15.81257338112734
 21
-14.338367623776765
 31
0.0
  0
LINE
  5
189
330
17
100
AcDbEntity
  8
OBSERVED_WELDS
100
AcDbLine
 10
15.818032728503683
 20
-14.331975549269917
 30
0.0
 11
16.13760733317398
 21
-13.957801762051108
 31
0.0
  0
LINE
  5
18A
330
17
100
AcDbEntity
  8
OBSERVED_WELDS
100
AcDbLine
 10
16.142690864617453
 20
-13.951849711466203
 30
0.0
 11
16.47244059274708
 21
-13.565762385359902
 31
0.0
  0
LINE
  5
18B
330
17
100
AcDbEntity
  8
OBSERVED_WELDS
100
AcDbLine
 10
16.47799552913102
 20
-13.559258390504981
 30
0.0
 11
16.818313791538834
 21
-13.16079690062462
 31
0.0
  0
LINE
  5
18C
330
17
100
AcDbEntity
  8
OBSERVED_WELDS
100
AcDbLine
 10
16.82477654217835
 20
-13.153229991842453
 30
0.0
 11
17.17443921847769
 21
-12.74382759901162
 31
0.0
  0
LINE
  5
18D
330
17
100
AcDbEntity
  8
OBSERVED_WELDS
100
AcDbLine
 10
17.18250509536752
 20
-12.734383670554848
 30
0.0
 11
17.31456160697539
 21
-12.57976536123644
 31
0.0
  0
LINE
  5
18E
330
17
100
AcDbEntity
  8
OBSERVED_WELDS
100
AcDbLine
 10
22.574600782168933
 20
3.575465510433663
 30
0.0
 11
22.38706040071275
 21
3.5457620320784753
 31
0.0
  0
LINE
  5
18F
330
17
100
AcDbEntity
  8
OBSERVED_WELDS
100
AcDbLine
 10
22.338289054111193
 20
3.5380374096431133
 30
0.0
 11
21.213791496864626
 21
3.359934493392308
 31
0.0
  0
LINE
  5
190
330
17
100
AcDbEntity
  8
OBSERVED_WELDS
100
AcDbLine
 10
12.57976536123647
 20
-17.31456160697536
 30
0.0
 11
12.839071651642847
 21
-17.093093112720094
 31
0.0
  0
LINE
  5
191
330
17
100
AcDbEntity
  8
OBSERVED_WELDS
100
AcDbLine
 10
12.846854223098271
 20
-17.086446168756776
 30
0.0
 11
13.206952468271327
 21
-16.778893212685183
 31
0.0
  0
LINE
  5
192
330
17
100
AcDbEntity
  8
OBSERVED_WELDS
100
AcDbLine
 10
13.21361571558166
 20
-16.773202261854962
 30
0.0
 11
13.582888400327708
 21
-16.45781359414412
 31
0.0
  0
LINE
  5
193
330
17
100
AcDbEntity
  8
OBSERVED_WELDS
100
AcDbLine
 10
13.589030465510499
 20
-16.452567774902644
 30
0.0
 11
13.969546505185978
 21
-16.127576374906766
 31
0.0
  0
LINE
  5
194
330
17
100
AcDbEntity
  8
OBSERVED_WELDS
100
AcDbLine
 10
13.975616996056411
 20
-16.122391685903047
 30
0.0
 11
14.368501884560734
 21
-15.786836291021038
 31
0.0
  0
LINE
  5
195
330
17
100
AcDbEntity
  8
OBSERVED_WELDS
100
AcDbLine
 10
14.375496051694984
 20
-15.780862707960772
 30
0.0
 11
14.780348573458184
 21
-15.435085988661646
 31
0.0
  0
LINE
  5
196
330
17
100
AcDbEntity
  8
OBSERVED_WELDS
100
AcDbLine
 10
14.788894279424657
 20
-15.427787266252032
 30
0.0
 11
15.13348175710919
 21
-15.1334817571091
 31
0.0
  0
LINE
  5
197
330
17
100
AcDbEntity
  8
OBSERVED_WELDS
100
AcDbLine
 10
13.433982773366926
 20
-18.4902910091835
 30
0.0
 11
13.261520646809084
 21
-18.252917256223274
 31
0.0
  0
LINE
  5
198
330
17
100
AcDbEntity
  8
OBSERVED_WELDS
100
AcDbLine
 10
13.225052801774345
 20
-18.202723573638917
 30
0.0
 11
12.68993455378692
 21
-17.46619649179481
 31
0.0
  0
LINE
  5
199
330
17
100
AcDbEntity
  8
OBSERVED_WELDS
100
AcDbLine
 10
9.832689014597454
 20
-18.997972157276322
 30
0.0
 11
10.232938828505358
 21
-18.7526987558607
 31
0.0
  0
LINE
  5
19A
330
17
100
AcDbEntity
  8
OBSERVED_WELDS
100
AcDbLine
 10
10.2409747417996
 20
-18.747774341860563
 30
0.0
 11
10.649999246596797
 21
-18.497123802952295
 31
0.0
  0
LINE
  5
19B
330
17
100
AcDbEntity
  8
OBSERVED_WELDS
100
AcDbLine
 10
10.657113869937769
 20
-18.492763956161628
 30
0.0
 11
11.077911017632559
 21
-18.23489913240723
 31
0.0
  0
LINE
  5
19C
330
17
100
AcDbEntity
  8
OBSERVED_WELDS
100
AcDbLine
 10
11.084592345643767
 20
-18.23080480933614
 30
0.0
 11
11.51889409671129
 21
-17.96466435399141
 31
0.0
  0
LINE
  5
19D
330
17
100
AcDbEntity
  8
OBSERVED_WELDS
100
AcDbLine
 10
11.526272220456327
 20
-17.960143033945457
 30
0.0
 11
11.974396329594745
 21
-17.68553222668093
 31
0.0
  0
LINE
  5
19E
330
17
100
AcDbEntity
  8
OBSERVED_WELDS
100
AcDbLine
 10
11.983172835201835
 20
-17.68015397712779
 30
0.0
 11
12.443263738497663
 21
-17.398209908972095
 31
0.0
  0
LINE
  5
19F
330
17
100
AcDbEntity
  8
OBSERVED_WELDS
100
AcDbLine
 10
-18.02871328357002
 20
-11.1252
 30
0.0
 11
-17.329509731616653
 21
-11.1252
 31
0.0
  0
LINE
  5
1A0
330
17
100
AcDbEntity
  8
OBSERVED_WELDS
100
AcDbLine
 10
-17.253212016818143
 20
-11.1252
 30
0.0
 11
-16.587269796997347
 21
-11.1252
 31
0.0
  0
LINE
  5
1A1
330
17
100
AcDbEntity
  8
OBSERVED_WELDS
100
AcDbLine
 10
-16.568961759416805
 20
-11.1252
 30
0.0
 11
-16.224054806695744
 21
-11.1252
 31
0.0
  0
LINE
  5
1A2
330
17
100
AcDbEntity
  8
OBSERVED_WELDS
100
AcDbLine
 10
-16.19569655118259
 20
-11.1252
 30
0.0
 11
-15.364872045265592
 21
-11.1252
 31
0.0
  0
LINE
  5
1A3
330
17
100
AcDbEntity
  8
OBSERVED_WELDS
100
AcDbLine
 10
-15.294135505248404
 20
-11.1252
 30
0.0
 11
-14.655174084957183
 21
-11.1252
 31
0.0
  0
LINE
  5
1A4
330
17
100
AcDbEntity
  8
OBSERVED_WELDS
100
AcDbLine
 10
-14.634396813419325
 20
-11.1252
 30
0.0
 11
-14.274235662594121
 21
-11.1252
 31
0.0
  0
LINE
  5
1A5
330
17
100
AcDbEntity
  8
OBSERVED_WELDS
100
AcDbLine
 10
-14.219954068458167
 20
-11.1252
 30
0.0
 11
-13.301334425522759
 21
-11.1252
 31
0.0
  0
LINE
  5
1A6
330
17
100
AcDbEntity
  8
OBSERVED_WELDS
100
AcDbLine
 10
-13.235852509019072
 20
-11.1252
 30
0.0
 11
-12.62774584654884
 21
-11.1252
 31
0.0
  0
LINE
  5
1A7
330
17
100
AcDbEntity
  8
OBSERVED_WELDS
100
AcDbLine
 10
-12.60398060979843
 20
-11.1252
 30
0.0
 11
-12.227362424639011
 21
-11.1252
 31
0.0
  0
LINE
  5
1A8
330
17
100
AcDbEntity
  8
OBSERVED_WELDS
100
AcDbLine
 10
12.125118597195568
 20
-11.1252
 30
0.0
 11
13.132361773652356
 21
-11.1252
 31
0.0
  0
LINE
  5
1A9
330
17
100
AcDbEntity
  8
OBSERVED_WELDS
100
AcDbLine
 10
13.189489800941512
 20
-11.1252
 30
0.0
 11
13.777914229682967
 21
-11.1252
 31
0.0
  0
LINE
  5
1AA
330
17
100
AcDbEntity
  8
OBSERVED_WELDS
100
AcDbLine
 10
13.82239480560811
 20
-11.1252
 30
0.0
 11
14.17482982524037
 21
-11.1252
 31
0.0
  0
LINE
  5
1AB
330
17
100
AcDbEntity
  8
OBSERVED_WELDS
100
AcDbLine
 10
14.211338280577817
 20
-11.1252
 30
0.0
 11
15.562019257824824
 21
-11.1252
 31
0.0
  0
LINE
  5
1AC
330
17
100
AcDbEntity
  8
OBSERVED_WELDS
100
AcDbLine
 10
15.608382834918377
 20
-11.1252
 30
0.0
 11
16.04882515954696
 21
-11.1252
 31
0.0
  0
LINE
  5
1AD
330
17
100
AcDbEntity
  8
OBSERVED_WELDS
100
AcDbLine
 10
16.084915985473625
 20
-11.1252
 30
0.0
 11
17.30002305308491
 21
-11.1252
 31
0.0
  0
LINE
  5
1AE
330
17
100
AcDbEntity
  8
OBSERVED_WELDS
100
AcDbLine
 10
17.350087486262954
 20
-11.1252
 30
0.0
 11
17.87742461006211
 21
-11.1252
 31
0.0
  0
LINE
  5
1AF
330
17
100
AcDbEntity
  8
OBSERVED_WELDS
100
AcDbLine
 10
17.913090409561644
 20
-11.1252
 30
0.0
 11
18.11123309199424
 21
-11.1252
 31
0.0
  0
LINE
  5
1B0
330
17
100
AcDbEntity
  8
OBSERVED_WELDS
100
AcDbLine
 10
9.144000000000002
 20
-14.782800000000002
 30
0.0
 11
9.144000000000002
 21
-15.524155594565102
 31
0.0
  0
LINE
  5
1B1
330
17
100
AcDbEntity
  8
OBSERVED_WELDS
100
AcDbLine
 10
9.144000000000002
 20
-15.571939769936272
 30
0.0
 11
9.144000000000002
 21
-15.912706592353572
 31
0.0
  0
LINE
  5
1B2
330
17
100
AcDbEntity
  8
OBSERVED_WELDS
100
AcDbLine
 10
9.144000000000002
 20
-15.932785598211888
 30
0.0
 11
9.144000000000002
 21
-16.3068
 31
0.0
  0
LINE
  5
1B3
330
17
100
AcDbEntity
  8
OBSERVED_WELDS
100
AcDbLine
 10
-12.8016
 20
-14.990430902239956
 30
0.0
 11
-12.8016
 21
-15.44913136102122
 31
0.0
  0
LINE
  5
1B4
330
17
100
AcDbEntity
  8
OBSERVED_WELDS
100
AcDbLine
 10
-12.8016
 20
-15.526637032063823
 30
0.0
 11
-12.8016
 21
-16.3068
 31
0.0
  0
LINE
  5
1B5
330
17
100
AcDbEntity
  8
OBSERVED_WELDS
100
AcDbLine
 10
-16.4592
 20
-9.601200000000002
 30
0.0
 11
-16.4592
 21
-9.84044946037262
 31
0.0
  0
LINE
  5
1B6
330
17
100
AcDbEntity
  8
OBSERVED_WELDS
100
AcDbLine
 10
-16.4592
 20
-9.87911955699407
 30
0.0
 11
-16.4592
 21
-10.309530530760803
 31
0.0
  0
LINE
  5
1B7
330
17
100
AcDbEntity
  8
OBSERVED_WELDS
100
AcDbLine
 10
-16.4592
 20
-10.347694904682847
 30
0.0
 11
-16.4592
 21
-10.685916115441938
 31
0.0
  0
LINE
  5
1B8
330
17
100
AcDbEntity
  8
OBSERVED_WELDS
100
AcDbLine
 10
-16.4592
 20
-10.722644245609823
 30
0.0
 11
-16.4592
 21
-11.1252
 31
0.0
  0
LINE
  5
1B9
330
17
100
AcDbEntity
  8
OBSERVED_WELDS
100
AcDbLine
 10
12.8016
 20
-10.339389275025365
 30
0.0
 11
12.8016
 21
-10.531359422696354
 31
0.0
  0
LINE
  5
1BA
330
17
100
AcDbEntity
  8
OBSERVED_WELDS
100
AcDbLine
 10
12.8016
 20
-10.540406878864374
 30
0.0
 11
12.8016
 21
-10.934053124576439
 31
0.0
  0
LINE
  5
1BB
330
17
100
AcDbEntity
  8
OBSERVED_WELDS
100
AcDbLine
 10
16.4592
 20
-9.776857715722457
 30
0.0
 11
16.4592
 21
-10.933076776033124
 31
0.0
  0
LINE
  5
1BC
330
17
100
AcDbEntity
  8
OBSERVED_WELDS
100
AcDbLine
 10
16.4592
 20
-10.940084208995954
 30
0.0
 11
16.4592
 21
-11.1252
 31
0.0
  0
LINE
  5
1BD
330
17
100
AcDbEntity
  8
OBSERVED_WELDS
100
AcDbLine
 10
-13.716
 20
-9.096200838248341
 30
0.0
 11
-13.716
 21
-9.601200000000002
 31
0.0
  0
LINE
  5
1BE
330
17
100
AcDbEntity
  8
OBSERVED_WELDS
100
AcDbLine
 10
-15.240000000000002
 20
-6.3449140644722055
 30
0.0
 11
-15.240000000000002
 21
-7.240238793936884
 31
0.0
  0
LINE
  5
1BF
330
17
100
AcDbEntity
  8
OBSERVED_WELDS
100
AcDbLine
 10
-15.240000000000002
 20
-7.278452671800423
 30
0.0
 11
-15.240000000000002
 21
-7.915485370120124
 31
0.0
  0
LINE
  5
1C0
330
17
100
AcDbEntity
  8
OBSERVED_WELDS
100
AcDbLine
 10
-15.240000000000002
 20
-7.956466850335946
 30
0.0
 11
-15.240000000000002
 21
-8.500432619284627
 31
0.0
  0
LINE
  5
1C1
330
17
100
AcDbEntity
  8
OBSERVED_WELDS
100
AcDbLine
 10
-15.240000000000002
 20
-8.542279831810216
 30
0.0
 11
-15.240000000000002
 21
-9.010576120133953
 31
0.0
  0
LINE
  5
1C2
330
17
100
AcDbEntity
  8
OBSERVED_WELDS
100
AcDbLine
 10
-15.240000000000002
 20
-9.052578550238106
 30
0.0
 11
-15.240000000000002
 21
-9.440736916100766
 31
0.0
  0
LINE
  5
1C3
330
17
100
AcDbEntity
  8
OBSERVED_WELDS
100
AcDbLine
 10
-7.555329592563302
 20
-19.9644
 30
0.0
 11
-7.292897160856744
 21
-19.9644
 31
0.0
  0
LINE
  5
1C4
330
17
100
AcDbEntity
  8
OBSERVED_WELDS
100
AcDbLine
 10
-7.053332614194949
 20
-19.9644
 30
0.0
 11
-6.295711032626117
 21
-19.9644
 31
0.0
  0
LINE
  5
1C5
330
17
100
AcDbEntity
  8
OBSERVED_WELDS
100
AcDbLine
 10
-6.241571022938022
 20
-19.9644
 30
0.0
 11
-5.633304314578616
 21
-19.9644
 31
0.0
  0
LINE
  5
1C6
330
17
100
AcDbEntity
  8
OBSERVED_WELDS
100
AcDbLine
 10
-5.591024431495474
 20
-19.9644
 30
0.0
 11
-5.036234790861636
 21
-19.9644
 31
0.0
  0
LINE
  5
1C7
330
17
100
AcDbEntity
  8
OBSERVED_WELDS
100
AcDbLine
 10
-5.000134461733894
 20
-19.9644
 30
0.0
 11
-4.475603823269333
 21
-19.9644
 31
0.0
  0
LINE
  5
1C8
330
17
100
AcDbEntity
  8
OBSERVED_WELDS
100
AcDbLine
 10
-4.443696102735862
 20
-19.9644
 30
0.0
 11
-3.9386669494047504
 21
-19.9644
 31
0.0
  0
LINE
  5
1C9
330
17
100
AcDbEntity
  8
OBSERVED_WELDS
100
AcDbLine
 10
-3.909810234234859
 20
-19.9644
 30
0.0
 11
-3.4175351254007236
 21
-19.9644
 31
0.0
  0
LINE
  5
1CA
330
17
100
AcDbEntity
  8
OBSERVED_WELDS
100
AcDbLine
 10
-3.3911000891117973
 20
-19.9644
 30
0.0
 11
-2.907111201557081
 21
-19.9644
 31
0.0
  0
LINE
  5
1CB
330
17
100
AcDbEntity
  8
OBSERVED_WELDS
100
AcDbLine
 10
-2.882625880634085
 20
-19.9644
 30
0.0
 11
-2.40321397722177
 21
-19.9644
 31
0.0
  0
LINE
  5
1CC
330
17
100
AcDbEntity
  8
OBSERVED_WELDS
100
AcDbLine
 10
-2.3803514692883745
 20
-19.9644
 30
0.0
 11
-1.9024460405593746
 21
-19.9644
 31
0.0
  0
LINE
  5
1CD
330
17
100
AcDbEntity
  8
OBSERVED_WELDS
100
AcDbLine
 10
-1.880866044347007
 20
-19.9644
 30
0.0
 11
-1.4015771473077843
 21
-19.9644
 31
0.0
  0
LINE
  5
1CE
330
17
100
AcDbEntity
  8
OBSERVED_WELDS
100
AcDbLine
 10
-1.3809249463224953
 20
-19.9644
 30
0.0
 11
-0.8980042093265413
 21
-19.9644
 31
0.0
  0
LINE
  5
1CF
330
17
100
AcDbEntity
  8
OBSERVED_WELDS
100
AcDbLine
 10
-0.8779677506180183
 20
-19.9644
 30
0.0
 11
-0.389076119879773
 21
-19.9644
 31
0.0
  0
LINE
  5
1D0
330
17
100
AcDbEntity
  8
OBSERVED_WELDS
100
AcDbLine
 10
-0.3693107198006027
 20
-19.9644
 30
0.0
 11
0.12726003319790458
 21
-19.9644
 31
0.0
  0
LINE
  5
1D1
330
17
100
AcDbEntity
  8
OBSERVED_WELDS
100
AcDbLine
 10
0.14723161915555316
 20
-19.9644
 30
0.0
 11
0.652072307222431
 21
-19.9644
 31
0.0
  0
LINE
  5
1D2
330
17
100
AcDbEntity
  8
OBSERVED_WELDS
100
AcDbLine
 10
0.6727746425686121
 20
-19.9644
 30
0.0
 11
1.1860347479931086
 21
-19.9644
 31
0.0
  0
LINE
  5
1D3
330
17
100
AcDbEntity
  8
OBSERVED_WELDS
100
AcDbLine
 10
1.2078294793188356
 20
-19.9644
 30
0.0
 11
1.7283810706808893
 21
-19.9644
 31
0.0
  0
LINE
  5
1D4
330
17
100
AcDbEntity
  8
OBSERVED_WELDS
100
AcDbLine
 10
1.7516962624806443
 20
-19.9644
 30
0.0
 11
2.2772922009050305
 21
-19.9644
 31
0.0
  0
LINE
  5
1D5
330
17
100
AcDbEntity
  8
OBSERVED_WELDS
100
AcDbLine
 10
2.302292643558628
 20
-19.9644
 30
0.0
 11
2.830356876451672
 21
-19.9644
 31
0.0
  0
LINE
  5
1D6
330
17
100
AcDbEntity
  8
OBSERVED_WELDS
100
AcDbLine
 10
2.8570200224785847
 20
-19.9644
 30
0.0
 11
3.3845594774246166
 21
-19.9644
 31
0.0
  0
LINE
  5
1D7
330
17
100
AcDbEntity
  8
OBSERVED_WELDS
100
AcDbLine
 10
3.41297485797555
 20
-19.9644
 30
0.0
 11
3.936284698259403
 21
-19.9644
 31
0.0
  0
LINE
  5
1D8
330
17
100
AcDbEntity
  8
OBSERVED_WELDS
100
AcDbLine
 10
3.966555777841131
 20
-19.9644
 30
0.0
 11
4.482164721335362
 21
-19.9644
 31
0.0
  0
LINE
  5
1D9
330
17
100
AcDbEntity
  8
OBSERVED_WELDS
100
AcDbLine
 10
4.513922235275636
 20
-19.9644
 30
0.0
 11
5.017858593645176
 21
-19.9644
 31
0.0
  0
LINE
  5
1DA
330
17
100
AcDbEntity
  8
OBSERVED_WELDS
100
AcDbLine
 10
5.051150220409966
 20
-19.9644
 30
0.0
 11
5.538915997132026
 21
-19.9644
 31
0.0
  0
LINE
  5
1DB
330
17
100
AcDbEntity
  8
OBSERVED_WELDS
100
AcDbLine
 10
5.573688349228583
 20
-19.9644
 30
0.0
 11
6.040130883213978
 21
-19.9644
 31
0.0
  0
LINE
  5
1DC
330
17
100
AcDbEntity
  8
OBSERVED_WELDS
100
AcDbLine
 10
6.076037599676457
 20
-19.9644
 30
0.0
 11
6.513897598062433
 21
-19.9644
 31
0.0
  0
LINE
  5
1DD
330
17
100
AcDbEntity
  8
OBSERVED_WELDS
100
AcDbLine
 10
6.551169610969053
 20
-19.9644
 30
0.0
 11
6.949503752062305
 21
-19.9644
 31
0.0
  0
LINE
  5
1DE
330
17
100
AcDbEntity
  8
OBSERVED_WELDS
100
AcDbLine
 10
6.9880138619368966
 20
-19.9644
 30
0.0
 11
7.292861040206165
 21
-19.9644
 31
0.0
  0
LINE
  5
1DF
330
17
100
AcDbEntity
  8
OBSERVED_WELDS
100
AcDbLine
 10
7.306213380442807
 20
-19.9644
 30
0.0
 11
7.555329592563304
 21
-19.9644
 31
0.0
  0
LINE
  5
1E0
330
17
100
AcDbEntity
  8
OBSERVED_WELDS
100
AcDbLine
 10
13.564691626615074
 20
-16.3068
 30
0.0
 11
13.220360691842284
 21
-16.3068
 31
0.0
  0
LINE
  5
1E1
330
17
100
AcDbEntity
  8
OBSERVED_WELDS
100
AcDbLine
 10
13.185082315476382
 20
-16.3068
 30
0.0
 11
12.717789388997392
 21
-16.3068
 31
0.0
  0
LINE
  5
1E2
330
17
100
AcDbEntity
  8
OBSERVED_WELDS
100
AcDbLine
 10
12.680362606159747
 20
-16.3068
 30
0.0
 11
12.064790930055397
 21
-16.3068
 31
0.0
  0
LINE
  5
1E3
330
17
100
AcDbEntity
  8
OBSERVED_WELDS
100
AcDbLine
 10
12.02478512833122
 20
-16.3068
 30
0.0
 11
10.95403544475445
 21
-16.3068
 31
0.0
  0
LINE
  5
1E4
330
17
100
AcDbEntity
  8
OBSERVED_WELDS
100
AcDbLine
 10
10.917531306157874
 20
-16.3068
 30
0.0
 11
10.580087194658908
 21
-16.3068
 31
0.0
  0
LINE
  5
1E5
330
17
100
AcDbEntity
  8
OBSERVED_WELDS
100
AcDbLine
 10
10.542046550515177
 20
-16.3068
 30
0.0
 11
10.108987646589734
 21
-16.3068
 31
0.0
  0
LINE
  5
1E6
330
17
100
AcDbEntity
  8
OBSERVED_WELDS
100
AcDbLine
 10
10.07032395922035
 20
-16.3068
 30
0.0
 11
9.551590010898881
 21
-16.3068
 31
0.0
  0
LINE
  5
1E7
330
17
100
AcDbEntity
  8
OBSERVED_WELDS
100
AcDbLine
 10
9.512890818921699
 20
-16.3068
 30
0.0
 11
8.891256271698738
 21
-16.3068
 31
0.0
  0
LINE
  5
1E8
330
17
100
AcDbEntity
  8
OBSERVED_WELDS
100
AcDbLine
 10
8.853575246158371
 20
-16.3068
 30
0.0
 11
7.95474450177508
 21
-16.3068
 31
0.0
  0
LINE
  5
1E9
330
17
100
AcDbEntity
  8
OBSERVED_WELDS
100
AcDbLine
 10
7.9252763297742295
 20
-16.3068
 30
0.0
 11
7.702383924669624
 21
-16.3068
 31
0.0
  0
LINE
  5
1EA
330
17
100
AcDbEntity
  8
OBSERVED_WELDS
100
AcDbLine
 10
7.658876070916993
 20
-16.3068
 30
0.0
 11
7.305450786456656
 21
-16.3068
 31
0.0
  0
LINE
  5
1EB
330
17
100
AcDbEntity
  8
OBSERVED_WELDS
100
AcDbLine
 10
7.262325013690692
 20
-16.3068
 30
0.0
 11
6.843610644919509
 21
-16.3068
 31
0.0
  0
LINE
  5
1EC
330
17
100
AcDbEntity
  8
OBSERVED_WELDS
100
AcDbLine
 10
6.801308819063258
 20
-16.3068
 30
0.0
 11
6.335280522995014
 21
-16.3068
 31
0.0
  0
LINE
  5
1ED
330
17
100
AcDbEntity
  8
OBSERVED_WELDS
100
AcDbLine
 10
6.294451835398626
 20
-16.3068
 30
0.0
 11
5.7907945844503175
 21
-16.3068
 31
0.0
  0
LINE
  5
1EE
330
17
100
AcDbEntity
  8
OBSERVED_WELDS
100
AcDbLine
 10
5.751748181703766
 20
-16.3068
 30
0.0
 11
5.216544989719138
 21
-16.3068
 31
0.0
  0
LINE
  5
1EF
330
17
100
AcDbEntity
  8
OBSERVED_WELDS
100
AcDbLine
 10
5.179882167860338
 20
-16.3068
 30
0.0
 11
4.616886695049725
 21
-16.3068
 31
0.0
  0
LINE
  5
1F0
330
17
100
AcDbEntity
  8
OBSERVED_WELDS
100
AcDbLine
 10
4.583277681820739
 20
-16.3068
 30
0.0
 11
3.9944782389569315
 21
-16.3068
 31
0.0
  0
LINE
  5
1F1
330
17
100
AcDbEntity
  8
OBSERVED_WELDS
100
AcDbLine
 10
3.9652677427862653
 20
-16.3068
 30
0.0
 11
3.3498013501473327
 21
-16.3068
 31
0.0
  0
LINE
  5
1F2
330
17
100
AcDbEntity
  8
OBSERVED_WELDS
100
AcDbLine
 10
3.3274544490703684
 20
-16.3068
 30
0.0
 11
2.679104768171218
 21
-16.3068
 31
0.0
  0
LINE
  5
1F3
330
17
100
AcDbEntity
  8
OBSERVED_WELDS
100
AcDbLine
 10
2.6681298762737953
 20
-16.3068
 30
0.0
 11
2.224192705082201
 21
-16.3068
 31
0.0
  0
LINE
  5
1F4
330
17
100
AcDbEntity
  8
OBSERVED_WELDS
100
AcDbLine
 10
-2.2066307262125253
 20
-16.3068
 30
0.0
 11
-2.483858920463897
 21
-16.3068
 31
0.0
  0
LINE
  5
1F5
330
17
100
AcDbEntity
  8
OBSERVED_WELDS
100
AcDbLine
 10
-2.4873346948220334
 20
-16.3068
 30
0.0
 11
-2.9032278317281928
 21
-16.3068
 31
0.0
  0
LINE
  5
1F6
330
17
100
AcDbEntity
  8
OBSERVED_WELDS
100
AcDbLine
 10
-2.9134668583211276
 20
-16.3068
 30
0.0
 11
-3.3377224943350594
 21
-16.3068
 31
0.0
  0
LINE
  5
1F7
330
17
100
AcDbEntity
  8
OBSERVED_WELDS
100
AcDbLine
 10
-3.353144517906797
 20
-16.3068
 30
0.0
 11
-3.787968441326244
 21
-16.3068
 31
0.0
  0
LINE
  5
1F8
330
17
100
AcDbEntity
  8
OBSERVED_WELDS
100
AcDbLine
 10
-3.8078908711595307
 20
-16.3068
 30
0.0
 11
-4.256297036132464
 21
-16.3068
 31
0.0
  0
LINE
  5
1F9
330
17
100
AcDbEntity
  8
OBSERVED_WELDS
100
AcDbLine
 10
-4.2805652252795685
 20
-16.3068
 30
0.0
 11
-4.746627294271333
 21
-16.3068
 31
0.0
  0
LINE
  5
1FA
330
17
100
AcDbEntity
  8
OBSERVED_WELDS
100
AcDbLine
 10
-4.77558484646349
 20
-16.3068
 30
0.0
 11
-5.265909752050641
 21
-16.3068
 31
0.0
  0
LINE
  5
1FB
330
17
100
AcDbEntity
  8
OBSERVED_WELDS
100
AcDbLine
 10
-5.300397941423077
 20
-16.3068
 30
0.0
 11
-5.825589417110502
 21
-16.3068
 31
0.0
  0
LINE
  5
1FC
330
17
100
AcDbEntity
  8
OBSERVED_WELDS
100
AcDbLine
 10
-5.867589378852772
 20
-16.3068
 30
0.0
 11
-6.450246000877689
 21
-16.3068
 31
0.0
  0
LINE
  5
1FD
330
17
100
AcDbEntity
  8
OBSERVED_WELDS
100
AcDbLine
 10
-6.5052382652913945
 20
-16.3068
 30
0.0
 11
-7.224680499560056
 21
-16.3068
 31
0.0
  0
LINE
  5
1FE
330
17
100
AcDbEntity
  8
OBSERVED_WELDS
100
AcDbLine
 10
-7.32526733294368
 20
-16.3068
 30
0.0
 11
-7.751054116839925
 21
-16.3068
 31
0.0
  0
LINE
  5
1FF
330
17
100
AcDbEntity
  8
OBSERVED_WELDS
100
AcDbLine
 10
-7.936194381511845
 20
-16.3068
 30
0.0
 11
-8.306808538792934
 21
-16.3068
 31
0.0
  0
LINE
  5
200
330
17
100
AcDbEntity
  8
OBSERVED_WELDS
100
AcDbLine
 10
-8.32221439219297
 20
-16.3068
 30
0.0
 11
-8.754964987414509
 21
-16.3068
 31
0.0
  0
LINE
  5
201
330
17
100
AcDbEntity
  8
OBSERVED_WELDS
100
AcDbLine
 10
-8.779144795842031
 20
-16.3068
 30
0.0
 11
-9.28286983769304
 21
-16.3068
 31
0.0
  0
LINE
  5
202
330
17
100
AcDbEntity
  8
OBSERVED_WELDS
100
AcDbLine
 10
-9.318022625727812
 20
-16.3068
 30
0.0
 11
-9.937235505262072
 21
-16.3068
 31
0.0
  0
LINE
  5
203
330
17
100
AcDbEntity
  8
OBSERVED_WELDS
100
AcDbLine
 10
-9.993815901529862
 20
-16.3068
 30
0.0
 11
-11.14881558108207
 21
-16.3068
 31
0.0
  0
LINE
  5
204
330
17
100
AcDbEntity
  8
OBSERVED_WELDS
100
AcDbLine
 10
-11.155261067531365
 20
-16.3068
 30
0.0
 11
-11.531567233608909
 21
-16.3068
 31
0.0
  0
LINE
  5
205
330
17
100
AcDbEntity
  8
OBSERVED_WELDS
100
AcDbLine
 10
-11.548821972101583
 20
-16.3068
 30
0.0
 11
-12.026558952459643
 21
-16.3068
 31
0.0
  0
LINE
  5
206
330
17
100
AcDbEntity
  8
OBSERVED_WELDS
100
AcDbLine
 10
-12.056185569756723
 20
-16.3068
 30
0.0
 11
-12.69847933998813
 21
-16.3068
 31
0.0
  0
LINE
  5
207
330
17
100
AcDbEntity
  8
OBSERVED_WELDS
100
AcDbLine
 10
-12.756020346986674
 20
-16.3068
 30
0.0
 11
-13.63441393579941
 21
-16.3068
 31
0.0
  0
LINE
  5
208
330
17
100
AcDbEntity
  8
OBSERVED_WELDS
100
AcDbLine
 10
-15.273926745603584
 20
-14.782800000000002
 30
0.0
 11
-14.217271990357078
 21
-14.782800000000002
 31
0.0
  0
LINE
  5
209
330
17
100
AcDbEntity
  8
OBSERVED_WELDS
100
AcDbLine
 10
-14.170802110890781
 20
-14.782800000000002
 30
0.0
 11
-13.59252597242422
 21
-14.782800000000002
 31
0.0
  0
LINE
  5
20A
330
17
100
AcDbEntity
  8
OBSERVED_WELDS
100
AcDbLine
 10
-13.570425757494982
 20
-14.782800000000002
 30
0.0
 11
-13.16560271333211
 21
-14.782800000000002
 31
0.0
  0
LINE
  5
20B
330
17
100
AcDbEntity
  8
OBSERVED_WELDS
100
AcDbLine
 10
-13.157202565345289
 20
-14.782800000000002
 30
0.0
 11
-12.953632053124672
 21
-14.782800000000002
 31
0.0
  0
LINE
  5
20C
330
17
100
AcDbEntity
  8
OBSERVED_WELDS
100
AcDbLine
 10
-12.953084343387538
 20
-14.782800000000002
 30
0.0
 11
-12.282704247056698
 21
-14.782800000000002
 31
0.0
  0
LINE
  5
20D
330
17
100
AcDbEntity
  8
OBSERVED_WELDS
100
AcDbLine
 10
-12.200831959700263
 20
-14.782800000000002
 30
0.0
 11
-11.495018003946356
 21
-14.782800000000002
 31
0.0
  0
LINE
  5
20E
330
17
100
AcDbEntity
  8
OBSERVED_WELDS
100
AcDbLine
 10
-11.460133649129576
 20
-14.782800000000002
 30
0.0
 11
-10.966233461864071
 21
-14.782800000000002
 31
0.0
  0
LINE
  5
20F
330
17
100
AcDbEntity
  8
OBSERVED_WELDS
100
AcDbLine
 10
-10.946495809471951
 20
-14.782800000000002
 30
0.0
 11
-10.56382706164205
 21
-14.782800000000002
 31
0.0
  0
LINE
  5
210
330
17
100
AcDbEntity
  8
OBSERVED_WELDS
100
AcDbLine
 10
-10.556164094014106
 20
-14.782800000000002
 30
0.0
 11
-9.37557336963075
 21
-14.782800000000002
 31
0.0
  0
LINE
  5
211
330
17
100
AcDbEntity
  8
OBSERVED_WELDS
100
AcDbLine
 10
-9.31471488940079
 20
-14.782800000000002
 30
0.0
 11
-8.700637997982074
 21
-14.782800000000002
 31
0.0
  0
LINE
  5
212
330
17
100
AcDbEntity
  8
OBSERVED_WELDS
100
AcDbLine
 10
-8.663505730691872
 20
-14.782800000000002
 30
0.0
 11
-8.167555788027386
 21
-14.782800000000002
 31
0.0
  0
LINE
  5
213
330
17
100
AcDbEntity
  8
OBSERVED_WELDS
100
AcDbLine
 10
-8.142531392824633
 20
-14.782800000000002
 30
0.0
 11
-7.719757848330803
 21
-14.782800000000002
 31
0.0
  0
LINE
  5
214
330
17
100
AcDbEntity
  8
OBSERVED_WELDS
100
AcDbLine
 10
-7.7045915630146515
 20
-14.782800000000002
 30
0.0
 11
-7.347341795353039
 21
-14.782800000000002
 31
0.0
  0
LINE
  5
215
330
17
100
AcDbEntity
  8
OBSERVED_WELDS
100
AcDbLine
 10
7.229051493514058
 20
-14.782800000000002
 30
0.0
 11
7.7751843501069065
 21
-14.782800000000002
 31
0.0
  0
LINE
  5
216
330
17
100
AcDbEntity
  8
OBSERVED_WELDS
100
AcDbLine
 10
7.814928962901393
 20
-14.782800000000002
 30
0.0
 11
8.563825067428985
 21
-14.782800000000002
 31
0.0
  0
LINE
  5
217
330
17
100
AcDbEntity
  8
OBSERVED_WELDS
100
AcDbLine
 10
8.606091947565
 20
-14.782800000000002
 30
0.0
 11
9.186091386173763
 21
-14.782800000000002
 31
0.0
  0
LINE
  5
218
330
17
100
AcDbEntity
  8
OBSERVED_WELDS
100
AcDbLine
 10
9.228690588522705
 20
-14.782800000000002
 30
0.0
 11
9.710606917488343
 21
-14.782800000000002
 31
0.0
  0
LINE
  5
219
330
17
100
AcDbEntity
  8
OBSERVED_WELDS
100
AcDbLine
 10
9.75273400950782
 20
-14.782800000000002
 30
0.0
 11
10.141334654800184
 21
-14.782800000000002
 31
0.0
  0
LINE
  5
21A
330
17
100
AcDbEntity
  8
OBSERVED_WELDS
100
AcDbLine
 10
10.182087294204562
 20
-14.782800000000002
 30
0.0
 11
10.84553308682296
 21
-14.782800000000002
 31
0.0
  0
LINE
  5
21B
330
17
100
AcDbEntity
  8
OBSERVED_WELDS
100
AcDbLine
 10
10.897072566311953
 20
-14.782800000000002
 30
0.0
 11
11.703523415235155
 21
-14.782800000000002
 31
0.0
  0
LINE
  5
21C
330
17
100
AcDbEntity
  8
OBSERVED_WELDS
100
AcDbLine
 10
11.745970447887728
 20
-14.782800000000002
 30
0.0
 11
12.287310385378381
 21
-14.782800000000002
 31
0.0
  0
LINE
  5
21D
330
17
100
AcDbEntity
  8
OBSERVED_WELDS
100
AcDbLine
 10
12.32692698407637
 20
-14.782800000000002
 30
0.0
 11
12.731247750722643
 21
-14.782800000000002
 31
0.0
  0
LINE
  5
21E
330
17
100
AcDbEntity
  8
OBSERVED_WELDS
100
AcDbLine
 10
12.76787899534438
 20
-14.782800000000002
 30
0.0
 11
12.953946799791588
 21
-14.782800000000002
 31
0.0
  0
LINE
  5
21F
330
17
100
AcDbEntity
  8
OBSERVED_WELDS
100
AcDbLine
 10
12.960103915264755
 20
-14.782800000000002
 30
0.0
 11
14.218637087598319
 21
-14.782800000000002
 31
0.0
  0
LINE
  5
220
330
17
100
AcDbEntity
  8
OBSERVED_WELDS
100
AcDbLine
 10
14.260177099382338
 20
-14.782800000000002
 30
0.0
 11
14.790510930785473
 21
-14.782800000000002
 31
0.0
  0
LINE
  5
221
330
17
100
AcDbEntity
  8
OBSERVED_WELDS
100
AcDbLine
 10
14.826953720702607
 20
-14.782800000000002
 30
0.0
 11
15.187754346571793
 21
-14.782800000000002
 31
0.0
  0
LINE
  5
222
330
17
100
AcDbEntity
  8
OBSERVED_WELDS
100
AcDbLine
 10
15.219655248125191
 20
-14.782800000000002
 30
0.0
 11
15.432992272600437
 21
-14.782800000000002
 31
0.0
  0
LINE
  5
223
330
17
100
AcDbEntity
  8
OBSERVED_WELDS
100
AcDbLine
 10
13.716
 20
-9.09127761761155
 30
0.0
 11
13.716
 21
-9.296122884489188
 31
0.0
  0
LINE
  5
224
330
17
100
AcDbEntity
  8
OBSERVED_WELDS
100
AcDbLine
 10
13.716
 20
-9.304656888880256
 30
0.0
 11
13.716
 21
-9.601200000000002
 31
0.0
  0
LINE
  5
225
330
17
100
AcDbEntity
  8
OBSERVED_WELDS
100
AcDbLine
 10
-16.764
 20
-6.039216414359012
 30
0.0
 11
-16.764
 21
-6.428451848305477
 31
0.0
  0
LINE
  5
226
330
17
100
AcDbEntity
  8
OBSERVED_WELDS
100
AcDbLine
 10
-16.764
 20
-6.473403267608237
 30
0.0
 11
-16.764
 21
-6.705168088065095
 31
0.0
  0
LINE
  5
227
330
17
100
AcDbEntity
  8
OBSERVED_WELDS
100
AcDbLine
 10
-16.764
 20
-6.71531803062222
 30
0.0
 11
-16.764
 21
-7.530728031151284
 31
0.0
  0
LINE
  5
228
330
17
100
AcDbEntity
  8
OBSERVED_WELDS
100
AcDbLine
 10
-16.764
 20
-7.564259129252176
 30
0.0
 11
-16.764
 21
-8.235573102074582
 31
0.0
  0
LINE
  5
229
330
17
100
AcDbEntity
  8
OBSERVED_WELDS
100
AcDbLine
 10
-16.764
 20
-8.27217364022296
 30
0.0
 11
-16.764
 21
-8.841045133984565
 31
0.0
  0
LINE
  5
22A
330
17
100
AcDbEntity
  8
OBSERVED_WELDS
100
AcDbLine
 10
-16.764
 20
-8.878965110654296
 30
0.0
 11
-16.764
 21
-9.374337973924911
 31
0.0
  0
LINE
  5
22B
330
17
100
AcDbEntity
  8
OBSERVED_WELDS
100
AcDbLine
 10
-16.764
 20
-9.4128649702202
 30
0.0
 11
-16.764
 21
-9.601200000000002
 31
0.0
  0
LINE
  5
22C
330
17
100
AcDbEntity
  8
OBSERVED_WELDS
100
AcDbLine
 10
-19.812
 20
-5.943600000000001
 30
0.0
 11
-19.812
 21
-6.308287841665454
 31
0.0
  0
LINE
  5
22D
330
17
100
AcDbEntity
  8
OBSERVED_WELDS
100
AcDbLine
 10
-19.812
 20
-6.343667368250879
 30
0.0
 11
-19.812
 21
-6.792747299397504
 31
0.0
  0
LINE
  5
22E
330
17
100
AcDbEntity
  8
OBSERVED_WELDS
100
AcDbLine
 10
-19.812
 20
-6.82923379693035
 30
0.0
 11
-19.812
 21
-7.240061045872428
 31
0.0
  0
LINE
  5
22F
330
17
100
AcDbEntity
  8
OBSERVED_WELDS
100
AcDbLine
 10
-19.812
 20
-7.277680888616524
 30
0.0
 11
-19.812
 21
-7.632864031709399
 31
0.0
  0
LINE
  5
230
330
17
100
AcDbEntity
  8
OBSERVED_WELDS
100
AcDbLine
 10
-19.812
 20
-7.671665442725559
 30
0.0
 11
-19.812
 21
-7.923255739468986
 31
0.0
  0
LINE
  5
231
330
17
100
AcDbEntity
  8
OBSERVED_WELDS
100
AcDbLine
 10
19.812
 20
-5.943600000000001
 30
0.0
 11
19.812
 21
-6.429284723768028
 31
0.0
  0
LINE
  5
232
330
17
100
AcDbEntity
  8
OBSERVED_WELDS
100
AcDbLine
 10
19.812
 20
-6.4781306976555815
 30
0.0
 11
19.812
 21
-7.172109046153499
 31
0.0
  0
LINE
  5
233
330
17
100
AcDbEntity
  8
OBSERVED_WELDS
100
AcDbLine
 10
19.812
 20
-7.250710320690006
 30
0.0
 11
19.812
 21
-7.699568124070096
 31
0.0
  0
LINE
  5
234
330
17
100
AcDbEntity
  8
OBSERVED_WELDS
100
AcDbLine
 10
-5.486400000000001
 20
-15.541439520730215
 30
0.0
 11
-5.486400000000001
 21
-16.3068
 31
0.0
  0
LINE
  5
235
330
17
100
AcDbEntity
  8
OBSERVED_WELDS
100
AcDbLine
 10
12.8016
 20
-14.782800000000002
 30
0.0
 11
12.8016
 21
-15.128790415292128
 31
0.0
  0
LINE
  5
236
330
17
100
AcDbEntity
  8
OBSERVED_WELDS
100
AcDbLine
 10
12.8016
 20
-15.138983689621531
 30
0.0
 11
12.8016
 21
-15.591015639582427
 31
0.0
  0
LINE
  5
237
330
17
100
AcDbEntity
  8
OBSERVED_WELDS
100
AcDbLine
 10
12.8016
 20
-15.620399226278346
 30
0.0
 11
12.8016
 21
-16.3068
 31
0.0
  0
LINE
  5
238
330
17
100
AcDbEntity
  8
OBSERVED_WELDS
100
AcDbLine
 10
-9.144000000000002
 20
-14.782800000000002
 30
0.0
 11
-9.144000000000002
 21
-15.219660907603307
 31
0.0
  0
LINE
  5
239
330
17
100
AcDbEntity
  8
OBSERVED_WELDS
100
AcDbLine
 10
-9.144000000000002
 20
-15.265333972493213
 30
0.0
 11
-9.144000000000002
 21
-15.567891980733648
 31
0.0
  0
LINE
  5
23A
330
17
100
AcDbEntity
  8
OBSERVED_WELDS
100
AcDbLine
 10
-9.144000000000002
 20
-15.569933333622622
 30
0.0
 11
-9.144000000000002
 21
-16.3068
 31
0.0
  0
LINE
  5
23B
330
17
100
AcDbEntity
  8
OBSERVED_WELDS
100
AcDbLine
 10
-1.8288
 20
-19.9644
 30
0.0
 11
-1.8288
 21
-20.157238988951434
 31
0.0
  0
LINE
  5
23C
330
17
100
AcDbEntity
  8
OBSERVED_WELDS
100
AcDbLine
 10
-1.8288
 20
-20.429158797740744
 30
0.0
 11
-1.8288
 21
-21.148093610399727
 31
0.0
  0
LINE
  5
23D
330
17
100
AcDbEntity
  8
OBSERVED_WELDS
100
AcDbLine
 10
5.486400000000001
 20
-19.9644
 30
0.0
 11
5.486400000000001
 21
-20.230956006182154
 31
0.0
  0
LINE
  5
23E
330
17
100
AcDbEntity
  8
OBSERVED_WELDS
100
AcDbLine
 10
5.486400000000001
 20
-20.321673847523265
 30
0.0
 11
5.486400000000001
 21
-20.536383569927647
 31
0.0
  0
LINE
  5
23F
330
17
100
AcDbEntity
  8
OBSERVED_WELDS
100
AcDbLine
 10
-5.486400000000001
 20
-19.9644
 30
0.0
 11
-5.486400000000001
 21
-20.42030932735999
 31
0.0
  0
LINE
  5
240
330
17
100
AcDbEntity
  8
OBSERVED_WELDS
100
AcDbLine
 10
1.8288
 20
-20.19401194879663
 30
0.0
 11
1.8288
 21
-20.677626683361552
 31
0.0
  0
LINE
  5
241
330
17
100
AcDbEntity
  8
OBSERVED_WELDS
100
AcDbLine
 10
1.8288
 20
-20.787321844476736
 30
0.0
 11
1.8288
 21
-21.17632181918183
 31
0.0
  0
LINE
  5
242
330
17
100
AcDbEntity
  8
OBSERVED_WELDS
100
AcDbLine
 10
-18.962540124095725
 20
-9.601200000000002
 30
0.0
 11
-17.876491616199637
 21
-9.601200000000002
 31
0.0
  0
LINE
  5
243
330
17
100
AcDbEntity
  8
OBSERVED_WELDS
100
AcDbLine
 10
-17.834090386346112
 20
-9.601200000000002
 30
0.0
 11
-17.32150011289814
 21
-9.601200000000002
 31
0.0
  0
LINE
  5
244
330
17
100
AcDbEntity
  8
OBSERVED_WELDS
100
AcDbLine
 10
-17.150382068523268
 20
-9.601200000000002
 30
0.0
 11
-15.976558854331694
 21
-9.601200000000002
 31
0.0
  0
LINE
  5
245
330
17
100
AcDbEntity
  8
OBSERVED_WELDS
100
AcDbLine
 10
-15.937744489911701
 20
-9.601200000000002
 30
0.0
 11
-15.458173469953852
 21
-9.601200000000002
 31
0.0
  0
LINE
  5
246
330
17
100
AcDbEntity
  8
OBSERVED_WELDS
100
AcDbLine
 10
-15.449073346328307
 20
-9.601200000000002
 30
0.0
 11
-13.996109690924445
 21
-9.601200000000002
 31
0.0
  0
LINE
  5
247
330
17
100
AcDbEntity
  8
OBSERVED_WELDS
100
AcDbLine
 10
-13.9613128988513
 20
-9.601200000000002
 30
0.0
 11
-13.51934119200227
 21
-9.601200000000002
 31
0.0
  0
LINE
  5
248
330
17
100
AcDbEntity
  8
OBSERVED_WELDS
100
AcDbLine
 10
13.365681766031011
 20
-9.601200000000002
 30
0.0
 11
14.632567324698524
 21
-9.601200000000002
 31
0.0
  0
LINE
  5
249
330
17
100
AcDbEntity
  8
OBSERVED_WELDS
100
AcDbLine
 10
14.685449046314465
 20
-9.601200000000002
 30
0.0
 11
15.13960501404755
 21
-9.601200000000002
 31
0.0
  0
LINE
  5
24A
330
17
100
AcDbEntity
  8
OBSERVED_WELDS
100
AcDbLine
 10
15.179234381723282
 20
-9.601200000000002
 30
0.0
 11
16.264578800113124
 21
-9.601200000000002
 31
0.0
  0
LINE
  5
24B
330
17
100
AcDbEntity
  8
OBSERVED_WELDS
100
AcDbLine
 10
16.32544363059414
 20
-9.601200000000002
 30
0.0
 11
16.900856666128025
 21
-9.601200000000002
 31
0.0
  0
LINE
  5
24C
330
17
100
AcDbEntity
  8
OBSERVED_WELDS
100
AcDbLine
 10
16.940372953081717
 20
-9.601200000000002
 30
0.0
 11
17.150653085060465
 21
-9.601200000000002
 31
0.0
  0
LINE
  5
24D
330
17
100
AcDbEntity
  8
OBSERVED_WELDS
100
AcDbLine
 10
17.33681845826837
 20
-9.601200000000002
 30
0.0
 11
17.818073074437148
 21
-9.601200000000002
 31
0.0
  0
LINE
  5
24E
330
17
100
AcDbEntity
  8
OBSERVED_WELDS
100
AcDbLine
 10
17.908120036672376
 20
-9.601200000000002
 30
0.0
 11
18.64584668207488
 21
-9.601200000000002
 31
0.0
  0
LINE
  5
24F
330
17
100
AcDbEntity
  8
OBSERVED_WELDS
100
AcDbLine
 10
18.68500897449552
 20
-9.601200000000002
 30
0.0
 11
18.962667406755873
 21
-9.601200000000002
 31
0.0
  0
LINE
  5
250
330
17
100
AcDbEntity
  8
OBSERVED_WELDS
100
AcDbLine
 10
5.486400000000001
 20
-15.513098764583688
 30
0.0
 11
5.486400000000001
 21
-15.85558734495357
 31
0.0
  0
LINE
  5
251
330
17
100
AcDbEntity
  8
OBSERVED_WELDS
100
AcDbLine
 10
5.486400000000001
 20
-15.882873657852986
 30
0.0
 11
5.486400000000001
 21
-16.3068
 31
0.0
  0
LINE
  5
252
330
17
100
AcDbEntity
  8
OBSERVED_WELDS
100
AcDbLine
 10
21.13848131823048
 20
3.348006532898567
 30
0.0
 11
21.042058587044682
 21
3.749636112938253
 31
0.0
  0
LINE
  5
253
330
17
100
AcDbEntity
  8
OBSERVED_WELDS
100
AcDbLine
 10
21.039746811417135
 20
3.7592653514281786
 30
0.0
 11
20.92881663127771
 21
4.221322805259025
 31
0.0
  0
LINE
  5
254
330
17
100
AcDbEntity
  8
OBSERVED_WELDS
100
AcDbLine
 10
20.926801993675376
 20
4.229714374800842
 30
0.0
 11
20.812935314871787
 21
4.704003225842387
 31
0.0
  0
LINE
  5
255
330
17
100
AcDbEntity
  8
OBSERVED_WELDS
100
AcDbLine
 10
20.811082775806206
 20
4.711719606386338
 30
0.0
 11
20.69368802913031
 21
5.200703917725261
 31
0.0
  0
LINE
  5
256
330
17
100
AcDbEntity
  8
OBSERVED_WELDS
100
AcDbLine
 10
20.69179835197835
 20
5.208574989531883
 30
0.0
 11
20.570611968622593
 21
5.713352604261697
 31
0.0
  0
LINE
  5
257
330
17
100
AcDbEntity
  8
OBSERVED_WELDS
100
AcDbLine
 10
20.568411760663462
 20
5.722517129968017
 30
0.0
 11
20.443589430297997
 21
6.242439553941443
 31
0.0
  0
LINE
  5
258
330
17
100
AcDbEntity
  8
OBSERVED_WELDS
100
AcDbLine
 10
20.440880831913947
 20
6.2537216781677865
 30
0.0
 11
20.35448792497919
 21
6.613574033560584
 31
0.0
  0
LINE
  5
259
330
17
100
AcDbEntity
  8
OBSERVED_WELDS
100
AcDbLine
 10
21.71037187263117
 20
7.054127433958751
 30
0.0
 11
20.35448792497919
 21
6.613574033560594
 31
0.0
  0
LINE
  5
25A
330
17
100
AcDbEntity
  8
OBSERVED_WELDS
100
AcDbLine
 10
20.293152533342155
 20
6.761650767904179
 30
0.0
 11
20.113332393316465
 21
7.19577498874203
 31
0.0
  0
LINE
  5
25B
330
17
100
AcDbEntity
  8
OBSERVED_WELDS
100
AcDbLine
 10
20.10974637361248
 20
7.204432406146331
 30
0.0
 11
19.925942989561506
 21
7.6481730287322645
 31
0.0
  0
LINE
  5
25C
330
17
100
AcDbEntity
  8
OBSERVED_WELDS
100
AcDbLine
 10
19.92276070029877
 20
7.655855754629757
 30
0.0
 11
19.733616812912874
 21
8.112489492796758
 31
0.0
  0
LINE
  5
25D
330
17
100
AcDbEntity
  8
OBSERVED_WELDS
100
AcDbLine
 10
19.730615219719034
 20
8.119735979794054
 30
0.0
 11
19.535380480697135
 21
8.591074334587093
 31
0.0
  0
LINE
  5
25E
330
17
100
AcDbEntity
  8
OBSERVED_WELDS
100
AcDbLine
 10
19.532049589779216
 20
8.599115816615921
 30
0.0
 11
19.33063070248562
 21
9.08538402603822
 31
0.0
  0
LINE
  5
25F
330
17
100
AcDbEntity
  8
OBSERVED_WELDS
100
AcDbLine
 10
19.326655490440885
 20
9.094981036869934
 30
0.0
 11
19.11988630973987
 21
9.594165997199104
 31
0.0
  0
LINE
  5
260
330
17
100
AcDbEntity
  8
OBSERVED_WELDS
100
AcDbLine
 10
20.36437307422476
 20
10.376166344316612
 30
0.0
 11
20.136678216581085
 21
10.260150019628151
 31
0.0
  0
LINE
  5
261
330
17
100
AcDbEntity
  8
OBSERVED_WELDS
100
AcDbLine
 10
20.086139876642438
 20
10.234399449254209
 30
0.0
 11
19.199600393444847
 21
9.782685020583397
 31
0.0
  0
LINE
  5
262
330
17
100
AcDbEntity
  8
OBSERVED_WELDS
100
AcDbLine
 10
19.06929948634246
 20
9.716293392322491
 30
0.0
 11
18.878556392844317
 21
10.027557831255598
 31
0.0
  0
LINE
  5
263
330
17
100
AcDbEntity
  8
OBSERVED_WELDS
100
AcDbLine
 10
18.873300903100066
 20
10.036134011061442
 30
0.0
 11
18.625585173541797
 21
10.440369342269445
 31
0.0
  0
LINE
  5
264
330
17
100
AcDbEntity
  8
OBSERVED_WELDS
100
AcDbLine
 10
18.621030552902443
 20
10.447801807644002
 30
0.0
 11
18.366920532658163
 21
10.86247167289596
 31
0.0
  0
LINE
  5
265
330
17
100
AcDbEntity
  8
OBSERVED_WELDS
100
AcDbLine
 10
18.36272714552368
 20
10.869314658766152
 30
0.0
 11
18.100831182565337
 21
11.296690027771946
 31
0.0
  0
LINE
  5
266
330
17
100
AcDbEntity
  8
OBSERVED_WELDS
100
AcDbLine
 10
18.096645454591915
 20
11.303520515027236
 30
0.0
 11
17.82625662647213
 21
11.74475498037528
 31
0.0
  0
LINE
  5
267
330
17
100
AcDbEntity
  8
OBSERVED_WELDS
100
AcDbLine
 10
17.821412542921802
 20
11.752659806289476
 30
0.0
 11
17.542828657771526
 21
12.207267389278849
 31
0.0
  0
LINE
  5
268
330
17
100
AcDbEntity
  8
OBSERVED_WELDS
100
AcDbLine
 10
17.536894655581996
 20
12.216950800763259
 30
0.0
 11
17.31456160697538
 21
12.579765361236452
 31
0.0
  0
LINE
  5
269
330
17
100
AcDbEntity
  8
OBSERVED_WELDS
100
AcDbLine
 10
18.439578525094888
 20
13.397137996975808
 30
0.0
 11
17.31456160697538
 21
12.57976536123646
 31
0.0
  0
LINE
  5
26A
330
17
100
AcDbEntity
  8
OBSERVED_WELDS
100
AcDbLine
 10
17.241322888859766
 20
12.665516882564765
 30
0.0
 11
16.936758272202752
 21
13.02211623183086
 31
0.0
  0
LINE
  5
26B
330
17
100
AcDbEntity
  8
OBSERVED_WELDS
100
AcDbLine
 10
16.930601464449047
 20
13.029324927517926
 30
0.0
 11
16.61942903412075
 21
13.393661032553997
 31
0.0
  0
LINE
  5
26C
330
17
100
AcDbEntity
  8
OBSERVED_WELDS
100
AcDbLine
 10
16.613990316348012
 20
13.400028952898413
 30
0.0
 11
16.293946220006216
 21
13.774752444237087
 31
0.0
  0
LINE
  5
26D
330
17
100
AcDbEntity
  8
OBSERVED_WELDS
100
AcDbLine
 10
16.28886059065679
 20
13.780706951154274
 30
0.0
 11
15.958584041046828
 21
14.167411105962243
 31
0.0
  0
LINE
  5
26E
330
17
100
AcDbEntity
  8
OBSERVED_WELDS
100
AcDbLine
 10
15.952995632021011
 20
14.173954292245382
 30
0.0
 11
15.612157610946781
 21
14.5730243413348
 31
0.0
  0
LINE
  5
26F
330
17
100
AcDbEntity
  8
OBSERVED_WELDS
100
AcDbLine
 10
15.605592557877763
 20
14.580711030872163
 30
0.0
 11
15.255544377296285
 21
14.990564791224472
 31
0.0
  0
LINE
  5
270
330
17
100
AcDbEntity
  8
OBSERVED_WELDS
100
AcDbLine
 10
16.160979134077337
 20
16.160979134077326
 30
0.0
 11
15.923244988402281
 21
15.92324498840227
 31
0.0
  0
LINE
  5
271
330
17
100
AcDbEntity
  8
OBSERVED_WELDS
100
AcDbLine
 10
15.874904954741433
 20
15.874904954741426
 30
0.0
 11
15.299716408928685
 21
15.299716408928683
 31
0.0
  0
LINE
  5
272
330
17
100
AcDbEntity
  8
OBSERVED_WELDS
100
AcDbLine
 10
15.27389386139821
 20
15.27389386139821
 30
0.0
 11
15.133481757109138
 21
15.133481757109138
 31
0.0
  0
LINE
  5
273
330
17
100
AcDbEntity
  8
OBSERVED_WELDS
100
AcDbLine
 10
15.133481757109152
 20
15.133481757109138
 30
0.0
 11
14.89244433894208
 21
15.339347160439612
 31
0.0
  0
LINE
  5
274
330
17
100
AcDbEntity
  8
OBSERVED_WELDS
100
AcDbLine
 10
14.884591777424147
 20
15.346053881563497
 30
0.0
 11
14.524833092978493
 21
15.653316825376274
 31
0.0
  0
LINE
  5
275
330
17
100
AcDbEntity
  8
OBSERVED_WELDS
100
AcDbLine
 10
14.518133927153336
 20
15.659038453516258
 30
0.0
 11
14.149399477593901
 21
15.973967424949976
 31
0.0
  0
LINE
  5
276
330
17
100
AcDbEntity
  8
OBSERVED_WELDS
100
AcDbLine
 10
14.143214736893462
 20
15.979249692526821
 30
0.0
 11
13.763324159839156
 21
16.303706896978472
 31
0.0
  0
LINE
  5
277
330
17
100
AcDbEntity
  8
OBSERVED_WELDS
100
AcDbLine
 10
13.757272997479623
 20
16.30887507787435
 30
0.0
 11
13.365007064663414
 21
16.64390183465799
 31
0.0
  0
LINE
  5
278
330
17
100
AcDbEntity
  8
OBSERVED_WELDS
100
AcDbLine
 10
13.358066496913633
 20
16.649829639519226
 30
0.0
 11
12.953792026339569
 21
16.995112656462503
 31
0.0
  0
LINE
  5
279
330
17
100
AcDbEntity
  8
OBSERVED_WELDS
100
AcDbLine
 10
12.945334401178812
 20
17.002336150757195
 30
0.0
 11
12.57976536123646
 21
17.31456160697538
 31
0.0
  0
LINE
  5
27A
330
17
100
AcDbEntity
  8
OBSERVED_WELDS
100
AcDbLine
 10
13.37319208396343
 20
18.406619803355476
 30
0.0
 11
12.57976536123646
 21
17.31456160697538
 31
0.0
  0
LINE
  5
27B
330
17
100
AcDbEntity
  8
OBSERVED_WELDS
100
AcDbLine
 10
10.375867968324718
 20
20.363787478368476
 30
0.0
 11
10.175260232781806
 21
19.970072629106355
 31
0.0
  0
LINE
  5
27C
330
17
100
AcDbEntity
  8
OBSERVED_WELDS
100
AcDbLine
 10
10.133321721722233
 20
19.887763666715593
 30
0.0
 11
9.880154638765815
 21
19.39089529005723
 31
0.0
  0
LINE
  5
27D
330
17
100
AcDbEntity
  8
OBSERVED_WELDS
100
AcDbLine
 10
9.852742468594283
 20
19.337095876899888
 30
0.0
 11
9.716293392322516
 21
19.06929948634244
 31
0.0
  0
LINE
  5
27E
330
17
100
AcDbEntity
  8
OBSERVED_WELDS
100
AcDbLine
 10
9.716293392322514
 20
19.06929948634245
 30
0.0
 11
9.46776383379891
 21
19.172243800133526
 31
0.0
  0
LINE
  5
27F
330
17
100
AcDbEntity
  8
OBSERVED_WELDS
100
AcDbLine
 10
9.458101513812252
 20
19.17624606411599
 30
0.0
 11
9.021760589596852
 21
19.35698439274442
 31
0.0
  0
LINE
  5
280
330
17
100
AcDbEntity
  8
OBSERVED_WELDS
100
AcDbLine
 10
9.01352793866267
 20
19.360394468415638
 30
0.0
 11
8.566822501024
 21
19.545425919071384
 31
0.0
  0
LINE
  5
281
330
17
100
AcDbEntity
  8
OBSERVED_WELDS
100
AcDbLine
 10
8.559248285790535
 20
19.548563261745418
 30
0.0
 11
8.099142570594712
 21
19.7391452891049
 31
0.0
  0
LINE
  5
282
330
17
100
AcDbEntity
  8
OBSERVED_WELDS
100
AcDbLine
 10
8.091831078579766
 20
19.742173808258674
 30
0.0
 11
7.6167384508426705
 21
19.938963618050852
 31
0.0
  0
LINE
  5
283
330
17
100
AcDbEntity
  8
OBSERVED_WELDS
100
AcDbLine
 10
7.608428991002483
 20
19.94240550901265
 30
0.0
 11
7.1186476975895685
 21
20.145279563340917
 31
0.0
  0
LINE
  5
284
330
17
100
AcDbEntity
  8
OBSERVED_WELDS
100
AcDbLine
 10
7.108578224284216
 20
20.149450475749948
 30
0.0
 11
6.613574033560594
 21
20.35448792497919
 31
0.0
  0
LINE
  5
285
330
17
100
AcDbEntity
  8
OBSERVED_WELDS
100
AcDbLine
 10
7.015979054837953
 20
21.592963234241157
 30
0.0
 11
6.613574033560599
 21
20.35448792497919
 31
0.0
  0
LINE
  5
286
330
17
100
AcDbEntity
  8
OBSERVED_WELDS
100
AcDbLine
 10
6.596213708831667
 20
20.35865577019734
 30
0.0
 11
6.141802893190538
 21
20.467750154929046
 31
0.0
  0
LINE
  5
287
330
17
100
AcDbEntity
  8
OBSERVED_WELDS
100
AcDbLine
 10
6.132357157050457
 20
20.470017875540155
 30
0.0
 11
5.668680605647493
 21
20.581336766615525
 31
0.0
  0
LINE
  5
288
330
17
100
AcDbEntity
  8
OBSERVED_WELDS
100
AcDbLine
 10
5.660404741570202
 20
20.58332362579352
 30
0.0
 11
5.184010254446402
 21
20.697695823094808
 31
0.0
  0
LINE
  5
289
330
17
100
AcDbEntity
  8
OBSERVED_WELDS
100
AcDbLine
 10
5.176391916606806
 20
20.69952482418959
 30
0.0
 11
4.685046614415846
 21
20.817486394619444
 31
0.0
  0
LINE
  5
28A
330
17
100
AcDbEntity
  8
OBSERVED_WELDS
100
AcDbLine
 10
4.676977380278777
 20
20.819423646337796
 30
0.0
 11
4.1698226130904565
 21
20.941180733505934
 31
0.0
  0
LINE
  5
28B
330
17
100
AcDbEntity
  8
OBSERVED_WELDS
100
AcDbLine
 10
4.160414183877543
 20
20.943439497516263
 30
0.0
 11
3.6386456977267305
 21
21.068705028198462
 31
0.0
  0
LINE
  5
28C
330
17
100
AcDbEntity
  8
OBSERVED_WELDS
100
AcDbLine
 10
3.62694039191191
 20
21.071515223493137
 30
0.0
 11
3.3480065328986024
 21
21.13848131823048
 31
0.0
  0
LINE
  5
28D
330
17
100
AcDbEntity
  8
OBSERVED_WELDS
100
AcDbLine
 10
3.57525988075707
 20
22.57330248748685
 30
0.0
 11
3.4799835568713733
 21
21.971751453240866
 31
0.0
  0
LINE
  5
28E
330
17
100
AcDbEntity
  8
OBSERVED_WELDS
100
AcDbLine
 10
3.4206054235563554
 20
21.596852674084595
 30
0.0
 11
3.348006532898603
 21
21.13848131823048
 31
0.0
  0
LINE
  5
28F
330
17
100
AcDbEntity
  8
OBSERVED_WELDS
100
AcDbLine
 10
3.348006532898606
 20
21.13848131823048
 30
0.0
 11
3.1275659899715835
 21
21.155830365212182
 31
0.0
  0
LINE
  5
290
330
17
100
AcDbEntity
  8
OBSERVED_WELDS
100
AcDbLine
 10
3.1170041548987935
 20
21.15666159965961
 30
0.0
 11
2.647136157024924
 21
21.19364101307455
 31
0.0
  0
LINE
  5
291
330
17
100
AcDbEntity
  8
OBSERVED_WELDS
100
AcDbLine
 10
2.6379746990899515
 20
21.194362035451032
 30
0.0
 11
2.1573469030238988
 21
21.232188263348785
 31
0.0
  0
LINE
  5
292
330
17
100
AcDbEntity
  8
OBSERVED_WELDS
100
AcDbLine
 10
2.1491321268329133
 20
21.232834780256198
 30
0.0
 11
1.6541685613260106
 21
21.27178925767759
 31
0.0
  0
LINE
  5
293
330
17
100
AcDbEntity
  8
OBSERVED_WELDS
100
AcDbLine
 10
1.6463137570799142
 20
21.272407444178533
 30
0.0
 11
1.1352836826283546
 21
21.31262638327658
 31
0.0
  0
LINE
  5
294
330
17
100
AcDbEntity
  8
OBSERVED_WELDS
100
AcDbLine
 10
1.1264402905856663
 20
21.31332237332446
 30
0.0
 11
0.5994552957706079
 21
21.35479699188737
 31
0.0
  0
LINE
  5
295
330
17
100
AcDbEntity
  8
OBSERVED_WELDS
100
AcDbLine
 10
0.5888016496024924
 20
21.355635452024703
 30
0.0
 11
0.04814697187956618
 21
21.39818589796421
 31
0.0
  0
LINE
  5
296
330
17
100
AcDbEntity
  8
OBSERVED_WELDS
100
AcDbLine
 10
2.770960762894771e-15
 20
22.64830035291733
 30
0.0
 11
2.606327519684459e-15
 21
21.448103551623902
 31
0.0
  0
LINE
  5
297
330
17
100
AcDbEntity
  8
OBSERVED_WELDS
100
AcDbLine
 10
4.4e-15
 20
21.40197514682956
 30
0.0
 11
-0.4357131756729887
 21
21.367683776218122
 31
0.0
  0
LINE
  5
298
330
17
100
AcDbEntity
  8
OBSERVED_WELDS
100
AcDbLine
 10
-0.4455215619379204
 20
21.366911839477876
 30
0.0
 11
-0.9197926237062682
 21
21.329585897419182
 31
0.0
  0
LINE
  5
299
330
17
100
AcDbEntity
  8
OBSERVED_WELDS
100
AcDbLine
 10
-0.9283549561775406
 20
21.328912027239294
 30
0.0
 11
-1.4153339716367574
 21
21.290585947534883
 31
0.0
  0
LINE
  5
29A
330
17
100
AcDbEntity
  8
OBSERVED_WELDS
100
AcDbLine
 10
-1.4232070605860143
 20
21.289966321996594
 30
0.0
 11
-1.925342222462702
 21
21.25044742770024
 31
0.0
  0
LINE
  5
29B
330
17
100
AcDbEntity
  8
OBSERVED_WELDS
100
AcDbLine
 10
-1.933474162861745
 20
21.24980743011104
 30
0.0
 11
-2.4518070902169904
 21
21.209013744024784
 31
0.0
  0
LINE
  5
29C
330
17
100
AcDbEntity
  8
OBSERVED_WELDS
100
AcDbLine
 10
-2.4612836531028353
 20
21.208267922350835
 30
0.0
 11
-2.9950047129475728
 21
21.16626316397281
 31
0.0
  0
LINE
  5
29D
330
17
100
AcDbEntity
  8
OBSERVED_WELDS
100
AcDbLine
 10
-3.006765098404875
 20
21.165337601564406
 30
0.0
 11
-3.348006532898603
 21
21.13848131823047
 31
0.0
  0
LINE
  5
29E
330
17
100
AcDbEntity
  8
OBSERVED_WELDS
100
AcDbLine
 10
-3.5734728287576796
 20
22.562019485218936
 30
0.0
 11
-3.348006532898597
 21
21.13848131823048
 31
0.0
  0
LINE
  5
29F
330
17
100
AcDbEntity
  8
OBSERVED_WELDS
100
AcDbLine
 10
-3.5269869132483262
 20
21.095511930616418
 30
0.0
 11
-3.9843556906377544
 21
20.985707402098775
 31
0.0
  0
LINE
  5
2A0
330
17
100
AcDbEntity
  8
OBSERVED_WELDS
100
AcDbLine
 10
-3.993416243695661
 20
20.983532155764056
 30
0.0
 11
-4.461021225427903
 21
20.8712701320101
 31
0.0
  0
LINE
  5
2A1
330
17
100
AcDbEntity
  8
OBSERVED_WELDS
100
AcDbLine
 10
-4.469081072936023
 20
20.869335133821977
 30
0.0
 11
-4.950401047319046
 21
20.753780431651627
 31
0.0
  0
LINE
  5
2A2
330
17
100
AcDbEntity
  8
OBSERVED_WELDS
100
AcDbLine
 10
-4.958037262015998
 20
20.751947138703112
 30
0.0
 11
-5.4549038081313
 21
20.63266003488333
 31
0.0
  0
LINE
  5
2A3
330
17
100
AcDbEntity
  8
OBSERVED_WELDS
100
AcDbLine
 10
-5.463419036620011
 20
20.630615709394476
 30
0.0
 11
-5.9759488734791315
 21
20.507568182169805
 31
0.0
  0
LINE
  5
2A4
330
17
100
AcDbEntity
  8
OBSERVED_WELDS
100
AcDbLine
 10
-5.986143903752988
 20
20.505120571952876
 30
0.0
 11
-6.512215637497237
 21
20.37882192292843
 31
0.0
  0
LINE
  5
2A5
330
17
100
AcDbEntity
  8
OBSERVED_WELDS
100
AcDbLine
 10
-7.0628048737883775
 20
21.737078286339646
 30
0.0
 11
-6.99446094510408
 21
21.526737302162104
 31
0.0
  0
LINE
  5
2A6
330
17
100
AcDbEntity
  8
OBSERVED_WELDS
100
AcDbLine
 10
-6.978126267459026
 20
21.476464333688856
 30
0.0
 11
-6.647325563133017
 21
20.45836445189872
 31
0.0
  0
LINE
  5
2A7
330
17
100
AcDbEntity
  8
OBSERVED_WELDS
100
AcDbLine
 10
12.524037749685519
 20
17.34871153125495
 30
0.0
 11
12.124967707583002
 21
17.59326196757841
 31
0.0
  0
LINE
  5
2A8
330
17
100
AcDbEntity
  8
OBSERVED_WELDS
100
AcDbLine
 10
12.116786999377059
 20
17.59827511201455
 30
0.0
 11
11.709238677714582
 21
17.848021044734427
 31
0.0
  0
LINE
  5
2A9
330
17
100
AcDbEntity
  8
OBSERVED_WELDS
100
AcDbLine
 10
11.702042814598931
 20
17.852430675323042
 30
0.0
 11
11.283094844557056
 21
18.10916232155433
 31
0.0
  0
LINE
  5
2AA
330
17
100
AcDbEntity
  8
OBSERVED_WELDS
100
AcDbLine
 10
11.276421797028354
 20
18.113251570339212
 30
0.0
 11
10.844194979321436
 21
18.378120504885224
 31
0.0
  0
LINE
  5
2AB
330
17
100
AcDbEntity
  8
OBSERVED_WELDS
100
AcDbLine
 10
10.836979403715384
 20
18.3825422153035
 30
0.0
 11
10.390881364808326
 21
18.65591144513342
 31
0.0
  0
LINE
  5
2AC
330
17
100
AcDbEntity
  8
OBSERVED_WELDS
100
AcDbLine
 10
10.382477247140542
 20
18.66106149506386
 30
0.0
 11
9.923925591661064
 21
18.942062310944554
 31
0.0
  0
LINE
  5
2AD
330
17
100
AcDbEntity
  8
OBSERVED_WELDS
100
AcDbLine
 10
9.913446921382418
 20
18.948483648349967
 30
0.0
 11
9.71629339232252
 21
19.06929948634244
 31
0.0
  0
LINE
  5
2AE
330
17
100
AcDbEntity
  8
OBSERVED_WELDS
100
AcDbLine
 10
0.0
 20
-22.64830035291733
 30
0.0
 11
0.0
 21
-21.448103551623902
 31
0.0
  0
LINE
  5
2AF
330
17
100
AcDbEntity
  8
OBSERVED_WELDS
100
AcDbLine
 10
7.5e-15
 20
-21.40197514682956
 30
0.0
 11
0.43571317567298445
 21
-21.367683776218122
 31
0.0
  0
LINE
  5
2B0
330
17
100
AcDbEntity
  8
OBSERVED_WELDS
100
AcDbLine
 10
0.4455215619379296
 20
-21.366911839477876
 30
0.0
 11
0.9197926237062828
 21
-21.329585897419186
 31
0.0
  0
LINE
  5
2B1
330
17
100
AcDbEntity
  8
OBSERVED_WELDS
100
AcDbLine
 10
0.9283549561775475
 20
-21.328912027239298
 30
0.0
 11
1.4153339716367657
 21
-21.290585947534886
 31
0.0
  0
LINE
  5
2B2
330
17
100
AcDbEntity
  8
OBSERVED_WELDS
100
AcDbLine
 10
1.4232070605860192
 20
-21.289966321996598
 30
0.0
 11
1.9253422224627124
 21
-21.250447427700248
 31
0.0
  0
LINE
  5
2B3
330
17
100
AcDbEntity
  8
OBSERVED_WELDS
100
AcDbLine
 10
1.9334741628617529
 20
-21.249807430111048
 30
0.0
 11
2.4518070902169997
 21
-21.20901374402479
 31
0.0
  0
LINE
  5
2B4
330
17
100
AcDbEntity
  8
OBSERVED_WELDS
100
AcDbLine
 10
2.461283653102842
 20
-21.208267922350842
 30
0.0
 11
2.9950047129475803
 21
-21.166263163972822
 31
0.0
  0
LINE
  5
2B5
330
17
100
AcDbEntity
  8
OBSERVED_WELDS
100
AcDbLine
 10
3.0067650984048773
 20
-21.165337601564417
 30
0.0
 11
3.348006532898606
 21
-21.13848131823048
 31
0.0
  0
LINE
  5
2B6
330
17
100
AcDbEntity
  8
OBSERVED_WELDS
100
AcDbLine
 10
3.3480065328986055
 20
-21.13848131823047
 30
0.0
 11
3.5734728287576876
 21
-22.56201948521892
 31
0.0
  0
LINE
  5
2B7
330
17
100
AcDbEntity
  8
OBSERVED_WELDS
100
AcDbLine
 10
3.5734728287576805
 20
-22.562019485218926
 30
0.0
 11
3.3480065328986
 21
-21.13848131823048
 31
0.0
  0
LINE
  5
2B8
330
17
100
AcDbEntity
  8
OBSERVED_WELDS
100
AcDbLine
 10
3.52698691324833
 20
-21.095511930616418
 30
0.0
 11
3.9843556906377557
 21
-20.985707402098775
 31
0.0
  0
LINE
  5
2B9
330
17
100
AcDbEntity
  8
OBSERVED_WELDS
100
AcDbLine
 10
3.9934162436956586
 20
-20.983532155764056
 30
0.0
 11
4.461021225427898
 21
-20.8712701320101
 31
0.0
  0
LINE
  5
2BA
330
17
100
AcDbEntity
  8
OBSERVED_WELDS
100
AcDbLine
 10
4.469081072936009
 20
-20.869335133821977
 30
0.0
 11
4.950401047319032
 21
-20.753780431651627
 31
0.0
  0
LINE
  5
2BB
330
17
100
AcDbEntity
  8
OBSERVED_WELDS
100
AcDbLine
 10
4.9580372620159885
 20
-20.751947138703112
 30
0.0
 11
5.454903808131288
 21
-20.63266003488333
 31
0.0
  0
LINE
  5
2BC
330
17
100
AcDbEntity
  8
OBSERVED_WELDS
100
AcDbLine
 10
5.463419036620004
 20
-20.630615709394473
 30
0.0
 11
5.975948873479123
 21
-20.507568182169802
 31
0.0
  0
LINE
  5
2BD
330
17
100
AcDbEntity
  8
OBSERVED_WELDS
100
AcDbLine
 10
5.986143903752979
 20
-20.50512057195287
 30
0.0
 11
6.512215637497228
 21
-20.378821922928427
 31
0.0
  0
LINE
  5
2BE
330
17
100
AcDbEntity
  8
OBSERVED_WELDS
100
AcDbLine
 10
7.062804873788377
 20
-21.737078286339646
 30
0.0
 11
6.994460945104078
 21
-21.5267373021621
 31
0.0
  0
LINE
  5
2BF
330
17
100
AcDbEntity
  8
OBSERVED_WELDS
100
AcDbLine
 10
6.978126267459026
 20
-21.47646433368886
 30
0.0
 11
6.6473255631330135
 21
-20.458364451898717
 31
0.0
  0
LINE
  5
2C0
330
17
100
AcDbEntity
  8
OBSERVED_WELDS
100
AcDbLine
 10
6.613574033560601
 20
-20.35448792497919
 30
0.0
 11
6.973008969588349
 21
-20.20560509968579
 31
0.0
  0
LINE
  5
2C1
330
17
100
AcDbEntity
  8
OBSERVED_WELDS
100
AcDbLine
 10
6.98221840016855
 20
-20.201790428637736
 30
0.0
 11
7.420729054248665
 21
-20.02015336847266
 31
0.0
  0
LINE
  5
2C2
330
17
100
AcDbEntity
  8
OBSERVED_WELDS
100
AcDbLine
 10
7.428741633045819
 20
-20.016834449665293
 30
0.0
 11
7.878716866148192
 21
-19.830448605382294
 31
0.0
  0
LINE
  5
2C3
330
17
100
AcDbEntity
  8
OBSERVED_WELDS
100
AcDbLine
 10
7.886087940710699
 20
-19.82739540632924
 30
0.0
 11
8.349937455080429
 21
-19.635262646577125
 31
0.0
  0
LINE
  5
2C4
330
17
100
AcDbEntity
  8
OBSERVED_WELDS
100
AcDbLine
 10
8.35736647339941
 20
-19.63218544643429
 30
0.0
 11
8.836219141011771
 21
-19.43383817713071
 31
0.0
  0
LINE
  5
2C5
330
17
100
AcDbEntity
  8
OBSERVED_WELDS
100
AcDbLine
 10
8.844854325912266
 20
-19.430261366431328
 30
0.0
 11
9.338147157798993
 21
-19.225932785242414
 31
0.0
  0
LINE
  5
2C6
330
17
100
AcDbEntity
  8
OBSERVED_WELDS
100
AcDbLine
 10
9.348751833350763
 20
-19.221540184804304
 30
0.0
 11
9.716293392322523
 21
-19.06929948634245
 31
0.0
  0
LINE
  5
2C7
330
17
100
AcDbEntity
  8
OBSERVED_WELDS
100
AcDbLine
 10
10.3558714571734
 20
-20.324542115509498
 30
0.0
 11
9.716293392322497
 21
-19.06929948634246
 31
0.0
  0
LINE
  5
2C8
330
17
100
AcDbEntity
  8
OBSERVED_WELDS
100
AcDbLine
 10
7.620000000000001
 20
14.585866210661578
 30
0.0
 11
7.620000000000001
 21
14.782800000000002
 31
0.0
  0
LINE
  5
2C9
330
17
100
AcDbEntity
  8
OBSERVED_WELDS
100
AcDbLine
 10
15.240000000000002
 20
-6.223699980439292
 30
0.0
 11
15.240000000000002
 21
-6.57121631177923
 31
0.0
  0
LINE
  5
2CA
330
17
100
AcDbEntity
  8
OBSERVED_WELDS
100
AcDbLine
 10
15.240000000000002
 20
-6.582318740488949
 30
0.0
 11
15.240000000000002
 21
-6.980716997482136
 31
0.0
  0
LINE
  5
2CB
330
17
100
AcDbEntity
  8
OBSERVED_WELDS
100
AcDbLine
 10
15.240000000000002
 20
-7.00069026147068
 30
0.0
 11
15.240000000000002
 21
-7.450776618357728
 31
0.0
  0
LINE
  5
2CC
330
17
100
AcDbEntity
  8
OBSERVED_WELDS
100
AcDbLine
 10
15.240000000000002
 20
-7.479360382912441
 30
0.0
 11
15.240000000000002
 21
-7.993168346058652
 31
0.0
  0
LINE
  5
2CD
330
17
100
AcDbEntity
  8
OBSERVED_WELDS
100
AcDbLine
 10
15.240000000000002
 20
-8.0329104264525
 30
0.0
 11
15.240000000000002
 21
-8.654358057327919
 31
0.0
  0
LINE
  5
2CE
330
17
100
AcDbEntity
  8
OBSERVED_WELDS
100
AcDbLine
 10
15.240000000000002
 20
-8.71698293925682
 30
0.0
 11
15.240000000000002
 21
-9.601200000000002
 31
0.0
  0
LINE
  5
2CF
330
17
100
AcDbEntity
  8
OBSERVED_WELDS
100
AcDbLine
 10
-18.288
 20
-5.943600000000001
 30
0.0
 11
-18.288
 21
-6.3733518795366555
 31
0.0
  0
LINE
  5
2D0
330
17
100
AcDbEntity
  8
OBSERVED_WELDS
100
AcDbLine
 10
-18.288
 20
-6.412999831848536
 30
0.0
 11
-18.288
 21
-6.816053481284731
 31
0.0
  0
LINE
  5
2D1
330
17
100
AcDbEntity
  8
OBSERVED_WELDS
100
AcDbLine
 10
-18.288
 20
-6.857070337831556
 30
0.0
 11
-18.288
 21
-7.198528130746412
 31
0.0
  0
LINE
  5
2D2
330
17
100
AcDbEntity
  8
OBSERVED_WELDS
100
AcDbLine
 10
-18.288
 20
-7.207898205093995
 30
0.0
 11
-18.288
 21
-7.886673240939941
 31
0.0
  0
LINE
  5
2D3
330
17
100
AcDbEntity
  8
OBSERVED_WELDS
100
AcDbLine
 10
-18.288
 20
-7.9160446168791925
 30
0.0
 11
-18.288
 21
-8.612869485395446
 31
0.0
  0
LINE
  5
2D4
330
17
100
AcDbEntity
  8
OBSERVED_WELDS
100
AcDbLine
 10
-18.288
 20
-8.646029868593256
 30
0.0
 11
-18.288
 21
-9.231093926606981
 31
0.0
  0
LINE
  5
2D5
330
17
100
AcDbEntity
  8
OBSERVED_WELDS
100
AcDbLine
 10
-18.288
 20
-9.265769188661471
 30
0.0
 11
-18.288
 21
-9.601200000000002
 31
0.0
  0
LINE
  5
2D6
330
17
100
AcDbEntity
  8
OBSERVED_WELDS
100
AcDbLine
 10
-15.240000000000002
 20
-11.1252
 30
0.0
 11
-15.240000000000002
 21
-11.63625901475535
 31
0.0
  0
LINE
  5
2D7
330
17
100
AcDbEntity
  8
OBSERVED_WELDS
100
AcDbLine
 10
-15.240000000000002
 20
-11.675820027979102
 30
0.0
 11
-15.240000000000002
 21
-12.100431840815766
 31
0.0
  0
LINE
  5
2D8
330
17
100
AcDbEntity
  8
OBSERVED_WELDS
100
AcDbLine
 10
-15.240000000000002
 20
-12.137825738209775
 30
0.0
 11
-15.240000000000002
 21
-12.411711636332496
 31
0.0
  0
LINE
  5
2D9
330
17
100
AcDbEntity
  8
OBSERVED_WELDS
100
AcDbLine
 10
-15.240000000000002
 20
-12.417416898585625
 30
0.0
 11
-15.240000000000002
 21
-13.559325066043677
 31
0.0
  0
LINE
  5
2DA
330
17
100
AcDbEntity
  8
OBSERVED_WELDS
100
AcDbLine
 10
-15.240000000000002
 20
-13.601189084220755
 30
0.0
 11
-15.240000000000002
 21
-14.174702581594715
 31
0.0
  0
LINE
  5
2DB
330
17
100
AcDbEntity
  8
OBSERVED_WELDS
100
AcDbLine
 10
-15.240000000000002
 20
-14.211941194741508
 30
0.0
 11
-15.240000000000002
 21
-14.618011099159135
 31
0.0
  0
LINE
  5
2DC
330
17
100
AcDbEntity
  8
OBSERVED_WELDS
100
AcDbLine
 10
-16.764
 20
-11.1252
 30
0.0
 11
-16.764
 21
-11.382155373425766
 31
0.0
  0
LINE
  5
2DD
330
17
100
AcDbEntity
  8
OBSERVED_WELDS
100
AcDbLine
 10
-16.764
 20
-11.420544202227314
 30
0.0
 11
-16.764
 21
-12.025776704607892
 31
0.0
  0
LINE
  5
2DE
330
17
100
AcDbEntity
  8
OBSERVED_WELDS
100
AcDbLine
 10
-16.764
 20
-12.062731718286734
 30
0.0
 11
-16.764
 21
-12.538287592444892
 31
0.0
  0
LINE
  5
2DF
330
17
100
AcDbEntity
  8
OBSERVED_WELDS
100
AcDbLine
 10
-16.764
 20
-12.573700467589852
 30
0.0
 11
-16.764
 21
-12.938426252757068
 31
0.0
  0
LINE
  5
2E0
330
17
100
AcDbEntity
  8
OBSERVED_WELDS
100
AcDbLine
 10
-16.764
 20
-12.971772175075623
 30
0.0
 11
-16.764
 21
-13.224390179881798
 31
0.0
  0
LINE
  5
2E1
330
17
100
AcDbEntity
  8
OBSERVED_WELDS
100
AcDbLine
 10
-10.668
 20
-12.532463746353985
 30
0.0
 11
-10.668
 21
-13.811918797586461
 31
0.0
  0
LINE
  5
2E2
330
17
100
AcDbEntity
  8
OBSERVED_WELDS
100
AcDbLine
 10
-10.668
 20
-13.863143656083045
 30
0.0
 11
-10.668
 21
-14.33830554169033
 31
0.0
  0
LINE
  5
2E3
330
17
100
AcDbEntity
  8
OBSERVED_WELDS
100
AcDbLine
 10
-10.668
 20
-14.379305066933547
 30
0.0
 11
-10.668
 21
-14.782800000000002
 31
0.0
  0
LINE
  5
2E4
330
17
100
AcDbEntity
  8
OBSERVED_WELDS
100
AcDbLine
 10
12.192
 20
-11.31284241036696
 30
0.0
 11
12.192
 21
-11.741620943226007
 31
0.0
  0
LINE
  5
2E5
330
17
100
AcDbEntity
  8
OBSERVED_WELDS
100
AcDbLine
 10
12.192
 20
-11.77126317145558
 30
0.0
 11
12.192
 21
-12.422250772467413
 31
0.0
  0
LINE
  5
2E6
330
17
100
AcDbEntity
  8
OBSERVED_WELDS
100
AcDbLine
 10
12.192
 20
-12.496826282648735
 30
0.0
 11
12.192
 21
-13.31665311425232
 31
0.0
  0
LINE
  5
2E7
330
17
100
AcDbEntity
  8
OBSERVED_WELDS
100
AcDbLine
 10
12.192
 20
-13.442613777075088
 30
0.0
 11
12.192
 21
-13.831472392547262
 31
0.0
  0
LINE
  5
2E8
330
17
100
AcDbEntity
  8
OBSERVED_WELDS
100
AcDbLine
 10
12.192
 20
-13.854739332886437
 30
0.0
 11
12.192
 21
-14.488059087972598
 31
0.0
  0
LINE
  5
2E9
330
17
100
AcDbEntity
  8
OBSERVED_WELDS
100
AcDbLine
 10
12.192
 20
-14.553623896825393
 30
0.0
 11
12.192
 21
-14.782800000000002
 31
0.0
  0
LINE
  5
2EA
330
17
100
AcDbEntity
  8
OBSERVED_WELDS
100
AcDbLine
 10
-7.620000000000001
 20
-14.585866210661578
 30
0.0
 11
-7.620000000000001
 21
-14.782800000000002
 31
0.0
  0
LINE
  5
2EB
330
17
100
AcDbEntity
  8
OBSERVED_WELDS
100
AcDbLine
 10
-12.192
 20
-11.1252
 30
0.0
 11
-12.192
 21
-12.304220160436998
 31
0.0
  0
LINE
  5
2EC
330
17
100
AcDbEntity
  8
OBSERVED_WELDS
100
AcDbLine
 10
-12.192
 20
-12.353869976895368
 30
0.0
 11
-12.192
 21
-12.879755894185053
 31
0.0
  0
LINE
  5
2ED
330
17
100
AcDbEntity
  8
OBSERVED_WELDS
100
AcDbLine
 10
-12.192
 20
-12.922815788524199
 30
0.0
 11
-12.192
 21
-13.267881746573428
 31
0.0
  0
LINE
  5
2EE
330
17
100
AcDbEntity
  8
OBSERVED_WELDS
100
AcDbLine
 10
-12.192
 20
-13.365588588648098
 30
0.0
 11
-12.192
 21
-13.846405506841748
 31
0.0
  0
LINE
  5
2EF
330
17
100
AcDbEntity
  8
OBSERVED_WELDS
100
AcDbLine
 10
-12.192
 20
-13.924450416542337
 30
0.0
 11
-12.192
 21
-14.73310451422607
 31
0.0
  0
LINE
  5
2F0
330
17
100
AcDbEntity
  8
OBSERVED_WELDS
100
AcDbLine
 10
-13.716
 20
-11.311093196816627
 30
0.0
 11
-13.716
 21
-11.661030681363432
 31
0.0
  0
LINE
  5
2F1
330
17
100
AcDbEntity
  8
OBSERVED_WELDS
100
AcDbLine
 10
-13.716
 20
-11.699665887928225
 30
0.0
 11
-13.716
 21
-12.46219177488087
 31
0.0
  0
LINE
  5
2F2
330
17
100
AcDbEntity
  8
OBSERVED_WELDS
100
AcDbLine
 10
-13.716
 20
-12.515398693495294
 30
0.0
 11
-13.716
 21
-13.228715729528068
 31
0.0
  0
LINE
  5
2F3
330
17
100
AcDbEntity
  8
OBSERVED_WELDS
100
AcDbLine
 10
-13.716
 20
-13.271373473411952
 30
0.0
 11
-13.716
 21
-13.740538656970832
 31
0.0
  0
LINE
  5
2F4
330
17
100
AcDbEntity
  8
OBSERVED_WELDS
100
AcDbLine
 10
-13.716
 20
-13.778520418212896
 30
0.0
 11
-13.716
 21
-14.07754983810663
 31
0.0
  0
LINE
  5
2F5
330
17
100
AcDbEntity
  8
OBSERVED_WELDS
100
AcDbLine
 10
-13.716
 20
-14.078513645057836
 30
0.0
 11
-13.716
 21
-14.782800000000002
 31
0.0
  0
LINE
  5
2F6
330
17
100
AcDbEntity
  8
OBSERVED_WELDS
100
AcDbLine
 10
-9.144
 20
-13.713502912530704
 30
0.0
 11
-9.144
 21
-14.48020853018607
 31
0.0
  0
LINE
  5
2F7
330
17
100
AcDbEntity
  8
OBSERVED_WELDS
100
AcDbLine
 10
-9.144
 20
-14.55684912461481
 30
0.0
 11
-9.144
 21
-14.782800000000002
 31
0.0
  0
LINE
  5
2F8
330
17
100
AcDbEntity
  8
OBSERVED_WELDS
100
AcDbLine
 10
13.716
 20
-11.1252
 30
0.0
 11
13.716
 21
-11.958806984957276
 31
0.0
  0
LINE
  5
2F9
330
17
100
AcDbEntity
  8
OBSERVED_WELDS
100
AcDbLine
 10
13.716
 20
-11.968455169168134
 30
0.0
 11
13.716
 21
-12.376613586928036
 31
0.0
  0
LINE
  5
2FA
330
17
100
AcDbEntity
  8
OBSERVED_WELDS
100
AcDbLine
 10
13.716
 20
-12.400698991040697
 30
0.0
 11
13.716
 21
-12.980769592354447
 31
0.0
  0
LINE
  5
2FB
330
17
100
AcDbEntity
  8
OBSERVED_WELDS
100
AcDbLine
 10
13.716
 20
-13.031509817397435
 30
0.0
 11
13.716
 21
-14.079745198918488
 31
0.0
  0
LINE
  5
2FC
330
17
100
AcDbEntity
  8
OBSERVED_WELDS
100
AcDbLine
 10
13.716
 20
-14.119094796968023
 30
0.0
 11
13.716
 21
-14.458162681723408
 31
0.0
  0
LINE
  5
2FD
330
17
100
AcDbEntity
  8
OBSERVED_WELDS
100
AcDbLine
 10
13.716
 20
-14.473890164886313
 30
0.0
 11
13.716
 21
-14.782800000000002
 31
0.0
  0
LINE
  5
2FE
330
17
100
AcDbEntity
  8
OBSERVED_WELDS
100
AcDbLine
 10
3.048
 20
16.3068
 30
0.0
 11
3.048
 21
17.581720722947153
 31
0.0
  0
LINE
  5
2FF
330
17
100
AcDbEntity
  8
OBSERVED_WELDS
100
AcDbLine
 10
3.048
 20
17.89494688593691
 30
0.0
 11
3.048
 21
19.07984424672344
 31
0.0
  0
LINE
  5
300
330
17
100
AcDbEntity
  8
OBSERVED_WELDS
100
AcDbLine
 10
3.048
 20
19.136468561510508
 30
0.0
 11
3.048
 21
19.41733475149119
 31
0.0
  0
LINE
  5
301
330
17
100
AcDbEntity
  8
OBSERVED_WELDS
100
AcDbLine
 10
3.048
 20
19.603272730437407
 30
0.0
 11
3.048
 21
19.9644
 31
0.0
  0
LINE
  5
302
330
17
100
AcDbEntity
  8
OBSERVED_WELDS
100
AcDbLine
 10
-1.524
 20
16.383938159126735
 30
0.0
 11
-1.524
 21
16.909057242465444
 31
0.0
  0
LINE
  5
303
330
17
100
AcDbEntity
  8
OBSERVED_WELDS
100
AcDbLine
 10
-1.524
 20
16.998853649137853
 30
0.0
 11
-1.524
 21
17.49484318552952
 31
0.0
  0
LINE
  5
304
330
17
100
AcDbEntity
  8
OBSERVED_WELDS
100
AcDbLine
 10
-1.524
 20
17.61970479863328
 30
0.0
 11
-1.524
 21
17.99085677577445
 31
0.0
  0
LINE
  5
305
330
17
100
AcDbEntity
  8
OBSERVED_WELDS
100
AcDbLine
 10
-1.524
 20
18.06267610597699
 30
0.0
 11
-1.524
 21
19.595491832068074
 31
0.0
  0
LINE
  5
306
330
17
100
AcDbEntity
  8
OBSERVED_WELDS
100
AcDbLine
 10
-1.524
 20
19.733258169109934
 30
0.0
 11
-1.524
 21
19.9644
 31
0.0
  0
LINE
  5
307
330
17
100
AcDbEntity
  8
OBSERVED_WELDS
100
AcDbLine
 10
12.8016
 20
14.990430902239959
 30
0.0
 11
12.8016
 21
15.449131361021221
 31
0.0
  0
LINE
  5
308
330
17
100
AcDbEntity
  8
OBSERVED_WELDS
100
AcDbLine
 10
12.8016
 20
15.526637032063833
 30
0.0
 11
12.8016
 21
16.3068
 31
0.0
  0
LINE
  5
309
330
17
100
AcDbEntity
  8
OBSERVED_WELDS
100
AcDbLine
 10
9.144000000000002
 20
14.782800000000002
 30
0.0
 11
9.144000000000002
 21
15.219660907603311
 31
0.0
  0
LINE
  5
30A
330
17
100
AcDbEntity
  8
OBSERVED_WELDS
100
AcDbLine
 10
9.144000000000002
 20
15.265333972493213
 30
0.0
 11
9.144000000000002
 21
15.567891980733648
 31
0.0
  0
LINE
  5
30B
330
17
100
AcDbEntity
  8
OBSERVED_WELDS
100
AcDbLine
 10
9.144000000000002
 20
15.569933333622616
 30
0.0
 11
9.144000000000002
 21
16.3068
 31
0.0
  0
LINE
  5
30C
330
17
100
AcDbEntity
  8
OBSERVED_WELDS
100
AcDbLine
 10
-9.144000000000002
 20
14.782800000000002
 30
0.0
 11
-9.144000000000002
 21
15.524155594565107
 31
0.0
  0
LINE
  5
30D
330
17
100
AcDbEntity
  8
OBSERVED_WELDS
100
AcDbLine
 10
-9.144000000000002
 20
15.57193976993629
 30
0.0
 11
-9.144000000000002
 21
15.9127065923536
 31
0.0
  0
LINE
  5
30E
330
17
100
AcDbEntity
  8
OBSERVED_WELDS
100
AcDbLine
 10
-9.144000000000002
 20
15.932785598211888
 30
0.0
 11
-9.144000000000002
 21
16.3068
 31
0.0
  0
LINE
  5
30F
330
17
100
AcDbEntity
  8
OBSERVED_WELDS
100
AcDbLine
 10
-5.486400000000001
 20
15.513098764583688
 30
0.0
 11
-5.486400000000001
 21
15.855587344953568
 31
0.0
  0
LINE
  5
310
330
17
100
AcDbEntity
  8
OBSERVED_WELDS
100
AcDbLine
 10
-5.486400000000001
 20
15.882873657852947
 30
0.0
 11
-5.486400000000001
 21
16.3068
 31
0.0
  0
LINE
  5
311
330
17
100
AcDbEntity
  8
OBSERVED_WELDS
100
AcDbLine
 10
-12.8016
 20
14.782800000000002
 30
0.0
 11
-12.8016
 21
15.128790415292128
 31
0.0
  0
LINE
  5
312
330
17
100
AcDbEntity
  8
OBSERVED_WELDS
100
AcDbLine
 10
-12.8016
 20
15.138983689621554
 30
0.0
 11
-12.8016
 21
15.591015639582462
 31
0.0
  0
LINE
  5
313
330
17
100
AcDbEntity
  8
OBSERVED_WELDS
100
AcDbLine
 10
-12.8016
 20
15.620399226278387
 30
0.0
 11
-12.8016
 21
16.3068
 31
0.0
  0
LINE
  5
314
330
17
100
AcDbEntity
  8
OBSERVED_WELDS
100
AcDbLine
 10
5.486400000000001
 20
15.541439520730213
 30
0.0
 11
5.486400000000001
 21
16.3068
 31
0.0
  0
LINE
  5
315
330
17
100
AcDbEntity
  8
OBSERVED_WELDS
100
AcDbLine
 10
1.9999999999999997e-16
 20
-16.45565355640266
 30
0.0
 11
1.9999999999999997e-16
 21
-18.053262057668814
 31
0.0
  0
LINE
  5
316
330
17
100
AcDbEntity
  8
OBSERVED_WELDS
100
AcDbLine
 10
1.9999999999999997e-16
 20
-18.136706021462686
 30
0.0
 11
1.9999999999999997e-16
 21
-19.565359886423273
 31
0.0
  0
LINE
  5
317
330
17
100
AcDbEntity
  8
OBSERVED_WELDS
100
AcDbLine
 10
1.9999999999999997e-16
 20
-19.608426872985554
 30
0.0
 11
1.9999999999999997e-16
 21
-19.79518838724442
 31
0.0
  0
LINE
  5
318
330
17
100
AcDbEntity
  8
OBSERVED_WELDS
100
AcDbLine
 10
16.764
 20
11.1252
 30
0.0
 11
16.764
 21
11.382155373425771
 31
0.0
  0
LINE
  5
319
330
17
100
AcDbEntity
  8
OBSERVED_WELDS
100
AcDbLine
 10
16.764
 20
11.420544202227317
 30
0.0
 11
16.764
 21
12.025776704607894
 31
0.0
  0
LINE
  5
31A
330
17
100
AcDbEntity
  8
OBSERVED_WELDS
100
AcDbLine
 10
16.764
 20
12.062731718286734
 30
0.0
 11
16.764
 21
12.538287592444892
 31
0.0
  0
LINE
  5
31B
330
17
100
AcDbEntity
  8
OBSERVED_WELDS
100
AcDbLine
 10
16.764
 20
12.573700467589854
 30
0.0
 11
16.764
 21
12.938426252757072
 31
0.0
  0
LINE
  5
31C
330
17
100
AcDbEntity
  8
OBSERVED_WELDS
100
AcDbLine
 10
16.764
 20
12.971772175075627
 30
0.0
 11
16.764
 21
13.224390179881798
 31
0.0
  0
LINE
  5
31D
330
17
100
AcDbEntity
  8
OBSERVED_WELDS
100
AcDbLine
 10
9.144
 20
13.713502912530702
 30
0.0
 11
9.144
 21
14.48020853018608
 31
0.0
  0
LINE
  5
31E
330
17
100
AcDbEntity
  8
OBSERVED_WELDS
100
AcDbLine
 10
9.144
 20
14.556849124614816
 30
0.0
 11
9.144
 21
14.782800000000002
 31
0.0
  0
LINE
  5
31F
330
17
100
AcDbEntity
  8
OBSERVED_WELDS
100
AcDbLine
 10
-9.144
 20
13.680048254666435
 30
0.0
 11
-9.144
 21
13.985174435891143
 31
0.0
  0
LINE
  5
320
330
17
100
AcDbEntity
  8
OBSERVED_WELDS
100
AcDbLine
 10
-9.144
 20
14.003553964862157
 30
0.0
 11
-9.144
 21
14.61634015769408
 31
0.0
  0
LINE
  5
321
330
17
100
AcDbEntity
  8
OBSERVED_WELDS
100
AcDbLine
 10
-16.764
 20
11.1252
 30
0.0
 11
-16.764
 21
11.383036014304723
 31
0.0
  0
LINE
  5
322
330
17
100
AcDbEntity
  8
OBSERVED_WELDS
100
AcDbLine
 10
-16.764
 20
11.412199824016987
 30
0.0
 11
-16.764
 21
12.026275658489633
 31
0.0
  0
LINE
  5
323
330
17
100
AcDbEntity
  8
OBSERVED_WELDS
100
AcDbLine
 10
-16.764
 20
12.077543498550108
 30
0.0
 11
-16.764
 21
13.170811575174614
 31
0.0
  0
LINE
  5
324
330
17
100
AcDbEntity
  8
OBSERVED_WELDS
100
AcDbLine
 10
-16.4592
 20
9.776857715722452
 30
0.0
 11
-16.4592
 21
10.93307677603312
 31
0.0
  0
LINE
  5
325
330
17
100
AcDbEntity
  8
OBSERVED_WELDS
100
AcDbLine
 10
-16.4592
 20
10.940084208995952
 30
0.0
 11
-16.4592
 21
11.1252
 31
0.0
  0
LINE
  5
326
330
17
100
AcDbEntity
  8
OBSERVED_WELDS
100
AcDbLine
 10
4.572
 20
16.3068
 30
0.0
 11
4.572
 21
17.14442714716055
 31
0.0
  0
LINE
  5
327
330
17
100
AcDbEntity
  8
OBSERVED_WELDS
100
AcDbLine
 10
4.572
 20
17.198996667486632
 30
0.0
 11
4.572
 21
17.4666061278215
 31
0.0
  0
LINE
  5
328
330
17
100
AcDbEntity
  8
OBSERVED_WELDS
100
AcDbLine
 10
4.572
 20
17.54907279251222
 30
0.0
 11
4.572
 21
18.660584718871526
 31
0.0
  0
LINE
  5
329
330
17
100
AcDbEntity
  8
OBSERVED_WELDS
100
AcDbLine
 10
4.572
 20
18.720872096659186
 30
0.0
 11
4.572
 21
19.115516181744454
 31
0.0
  0
LINE
  5
32A
330
17
100
AcDbEntity
  8
OBSERVED_WELDS
100
AcDbLine
 10
4.572
 20
19.29308140855745
 30
0.0
 11
4.572
 21
19.9644
 31
0.0
  0
LINE
  5
32B
330
17
100
AcDbEntity
  8
OBSERVED_WELDS
100
AcDbLine
 10
-3.048
 20
16.3068
 30
0.0
 11
-3.048
 21
16.619638732919714
 31
0.0
  0
LINE
  5
32C
330
17
100
AcDbEntity
  8
OBSERVED_WELDS
100
AcDbLine
 10
-3.048
 20
16.67020981567529
 30
0.0
 11
-3.048
 21
17.550762179297287
 31
0.0
  0
LINE
  5
32D
330
17
100
AcDbEntity
  8
OBSERVED_WELDS
100
AcDbLine
 10
-3.048
 20
17.86718368257682
 30
0.0
 11
-3.048
 21
18.660566029934238
 31
0.0
  0
LINE
  5
32E
330
17
100
AcDbEntity
  8
OBSERVED_WELDS
100
AcDbLine
 10
-3.048
 20
18.845774583360452
 30
0.0
 11
-3.048
 21
19.417324652062234
 31
0.0
  0
LINE
  5
32F
330
17
100
AcDbEntity
  8
OBSERVED_WELDS
100
AcDbLine
 10
-3.048
 20
19.550269638713075
 30
0.0
 11
-3.048
 21
19.9644
 31
0.0
  0
LINE
  5
330
330
17
100
AcDbEntity
  8
OBSERVED_WELDS
100
AcDbLine
 10
7.620000000000001
 20
16.36798492521237
 30
0.0
 11
7.620000000000001
 21
17.581134998842167
 31
0.0
  0
LINE
  5
331
330
17
100
AcDbEntity
  8
OBSERVED_WELDS
100
AcDbLine
 10
7.620000000000001
 20
17.634675162600765
 30
0.0
 11
7.620000000000001
 21
18.06478996854225
 31
0.0
  0
LINE
  5
332
330
17
100
AcDbEntity
  8
OBSERVED_WELDS
100
AcDbLine
 10
7.620000000000001
 20
18.14892231347233
 30
0.0
 11
7.620000000000001
 21
19.206993815000587
 31
0.0
  0
LINE
  5
333
330
17
100
AcDbEntity
  8
OBSERVED_WELDS
100
AcDbLine
 10
7.620000000000001
 20
19.2640174539284
 30
0.0
 11
7.620000000000001
 21
19.755703766770473
 31
0.0
  0
LINE
  5
334
330
17
100
AcDbEntity
  8
OBSERVED_WELDS
100
AcDbLine
 10
-9.144
 20
16.3068
 30
0.0
 11
-9.144
 21
16.72246697132304
 31
0.0
  0
LINE
  5
335
330
17
100
AcDbEntity
  8
OBSERVED_WELDS
100
AcDbLine
 10
-9.144
 20
17.20754258099648
 30
0.0
 11
-9.144
 21
17.40173376914913
 31
0.0
  0
LINE
  5
336
330
17
100
AcDbEntity
  8
OBSERVED_WELDS
100
AcDbLine
 10
-9.144
 20
17.404760925819843
 30
0.0
 11
-9.144
 21
17.76779120391978
 31
0.0
  0
LINE
  5
337
330
17
100
AcDbEntity
  8
OBSERVED_WELDS
100
AcDbLine
 10
-9.144
 20
17.788910471385588
 30
0.0
 11
-9.144
 21
19.188782437952344
 31
0.0
  0
LINE
  5
338
330
17
100
AcDbEntity
  8
OBSERVED_WELDS
100
AcDbLine
 10
12.192
 20
16.3068
 30
0.0
 11
12.192
 21
16.508188745164567
 31
0.0
  0
LINE
  5
339
330
17
100
AcDbEntity
  8
OBSERVED_WELDS
100
AcDbLine
 10
12.192
 20
16.55629320663681
 30
0.0
 11
12.192
 21
17.100698578262744
 31
0.0
  0
LINE
  5
33A
330
17
100
AcDbEntity
  8
OBSERVED_WELDS
100
AcDbLine
 10
12.192
 20
17.137041053935402
 30
0.0
 11
12.192
 21
17.41032269306903
 31
0.0
  0
LINE
  5
33B
330
17
100
AcDbEntity
  8
OBSERVED_WELDS
100
AcDbLine
 10
-12.192
 20
16.509756990304982
 30
0.0
 11
-12.192
 21
17.55218452595444
 31
0.0
  0
LINE
  5
33C
330
17
100
AcDbEntity
  8
OBSERVED_WELDS
100
AcDbLine
 10
10.668
 20
16.3068
 30
0.0
 11
10.668
 21
16.507563436710548
 31
0.0
  0
LINE
  5
33D
330
17
100
AcDbEntity
  8
OBSERVED_WELDS
100
AcDbLine
 10
10.668
 20
16.51110639433005
 30
0.0
 11
10.668
 21
17.919906881968185
 31
0.0
  0
LINE
  5
33E
330
17
100
AcDbEntity
  8
OBSERVED_WELDS
100
AcDbLine
 10
10.668
 20
17.961328186494082
 30
0.0
 11
10.668
 21
18.33964126855718
 31
0.0
  0
LINE
  5
33F
330
17
100
AcDbEntity
  8
OBSERVED_WELDS
100
AcDbLine
 10
-4.572
 20
16.3068
 30
0.0
 11
-4.572
 21
17.359226016716793
 31
0.0
  0
LINE
  5
340
330
17
100
AcDbEntity
  8
OBSERVED_WELDS
100
AcDbLine
 10
-4.572
 20
17.552328811093112
 30
0.0
 11
-4.572
 21
18.1711616239505
 31
0.0
  0
LINE
  5
341
330
17
100
AcDbEntity
  8
OBSERVED_WELDS
100
AcDbLine
 10
-4.572
 20
18.27652714252581
 30
0.0
 11
-4.572
 21
18.709411385250764
 31
0.0
  0
LINE
  5
342
330
17
100
AcDbEntity
  8
OBSERVED_WELDS
100
AcDbLine
 10
-4.572
 20
18.834958540566582
 30
0.0
 11
-4.572
 21
19.117083682396387
 31
0.0
  0
LINE
  5
343
330
17
100
AcDbEntity
  8
OBSERVED_WELDS
100
AcDbLine
 10
-4.572
 20
19.260530649568473
 30
0.0
 11
-4.572
 21
19.9644
 31
0.0
  0
LINE
  5
344
330
17
100
AcDbEntity
  8
OBSERVED_WELDS
100
AcDbLine
 10
9.144
 20
16.3068
 30
0.0
 11
9.144
 21
16.919482911674947
 31
0.0
  0
LINE
  5
345
330
17
100
AcDbEntity
  8
OBSERVED_WELDS
100
AcDbLine
 10
9.144
 20
16.966335976024567
 30
0.0
 11
9.144
 21
17.35500176350322
 31
0.0
  0
LINE
  5
346
330
17
100
AcDbEntity
  8
OBSERVED_WELDS
100
AcDbLine
 10
9.144
 20
17.38831711598474
 30
0.0
 11
9.144
 21
18.61247235242444
 31
0.0
  0
LINE
  5
347
330
17
100
AcDbEntity
  8
OBSERVED_WELDS
100
AcDbLine
 10
9.144
 20
18.66081537431861
 30
0.0
 11
9.144
 21
19.104699562249834
 31
0.0
  0
LINE
  5
348
330
17
100
AcDbEntity
  8
OBSERVED_WELDS
100
AcDbLine
 10
1.524
 20
16.390261583011316
 30
0.0
 11
1.524
 21
17.891303593543267
 31
0.0
  0
LINE
  5
349
330
17
100
AcDbEntity
  8
OBSERVED_WELDS
100
AcDbLine
 10
1.524
 20
18.08464811325635
 30
0.0
 11
1.524
 21
19.388873757756897
 31
0.0
  0
LINE
  5
34A
330
17
100
AcDbEntity
  8
OBSERVED_WELDS
100
AcDbLine
 10
1.524
 20
19.767911816861915
 30
0.0
 11
1.524
 21
19.9644
 31
0.0
  0
LINE
  5
34B
330
17
100
AcDbEntity
  8
OBSERVED_WELDS
100
AcDbLine
 10
6.096
 20
16.3068
 30
0.0
 11
6.096
 21
16.601838779749826
 31
0.0
  0
LINE
  5
34C
330
17
100
AcDbEntity
  8
OBSERVED_WELDS
100
AcDbLine
 10
6.096
 20
16.656022560482953
 30
0.0
 11
6.096
 21
16.994432546349564
 31
0.0
  0
LINE
  5
34D
330
17
100
AcDbEntity
  8
OBSERVED_WELDS
100
AcDbLine
 10
6.096
 20
17.02643812084279
 30
0.0
 11
6.096
 21
18.157176160982512
 31
0.0
  0
LINE
  5
34E
330
17
100
AcDbEntity
  8
OBSERVED_WELDS
100
AcDbLine
 10
6.096
 20
18.216211441910175
 30
0.0
 11
6.096
 21
18.654718394022776
 31
0.0
  0
LINE
  5
34F
330
17
100
AcDbEntity
  8
OBSERVED_WELDS
100
AcDbLine
 10
6.096
 20
18.810654797115337
 30
0.0
 11
6.096
 21
19.731359366975767
 31
0.0
  0
LINE
  5
350
330
17
100
AcDbEntity
  8
OBSERVED_WELDS
100
AcDbLine
 10
-7.620000000000001
 20
16.368780873978785
 30
0.0
 11
-7.620000000000001
 21
16.563229180359066
 31
0.0
  0
LINE
  5
351
330
17
100
AcDbEntity
  8
OBSERVED_WELDS
100
AcDbLine
 10
-7.620000000000001
 20
16.57571909973995
 30
0.0
 11
-7.620000000000001
 21
17.21584362443712
 31
0.0
  0
LINE
  5
352
330
17
100
AcDbEntity
  8
OBSERVED_WELDS
100
AcDbLine
 10
-7.620000000000001
 20
17.304687337993336
 30
0.0
 11
-7.620000000000001
 21
17.89885889008921
 31
0.0
  0
LINE
  5
353
330
17
100
AcDbEntity
  8
OBSERVED_WELDS
100
AcDbLine
 10
-7.620000000000001
 20
17.995247766095417
 30
0.0
 11
-7.620000000000001
 21
18.357345394499003
 31
0.0
  0
LINE
  5
354
330
17
100
AcDbEntity
  8
OBSERVED_WELDS
100
AcDbLine
 10
-7.620000000000001
 20
18.372084300365646
 30
0.0
 11
-7.620000000000001
 21
19.9644
 31
0.0
  0
LINE
  5
355
330
17
100
AcDbEntity
  8
OBSERVED_WELDS
100
AcDbLine
 10
1.9999999999999997e-16
 20
16.45565355640266
 30
0.0
 11
1.9999999999999997e-16
 21
18.053262057668817
 31
0.0
  0
LINE
  5
356
330
17
100
AcDbEntity
  8
OBSERVED_WELDS
100
AcDbLine
 10
1.9999999999999997e-16
 20
18.136706021462686
 30
0.0
 11
1.9999999999999997e-16
 21
19.565359886423273
 31
0.0
  0
LINE
  5
357
330
17
100
AcDbEntity
  8
OBSERVED_WELDS
100
AcDbLine
 10
1.9999999999999997e-16
 20
19.608426872985557
 30
0.0
 11
1.9999999999999997e-16
 21
19.7951883872444
 31
0.0
  0
LINE
  5
358
330
17
100
AcDbEntity
  8
OBSERVED_WELDS
100
AcDbLine
 10
-10.668
 20
16.3068
 30
0.0
 11
-10.668
 21
16.64802508855237
 31
0.0
  0
LINE
  5
359
330
17
100
AcDbEntity
  8
OBSERVED_WELDS
100
AcDbLine
 10
-10.668
 20
16.65553250676256
 30
0.0
 11
-10.668
 21
17.110847504916126
 31
0.0
  0
LINE
  5
35A
330
17
100
AcDbEntity
  8
OBSERVED_WELDS
100
AcDbLine
 10
-10.668
 20
17.142696708762546
 30
0.0
 11
-10.668
 21
18.38441720991593
 31
0.0
  0
LINE
  5
35B
330
17
100
AcDbEntity
  8
OBSERVED_WELDS
100
AcDbLine
 10
-6.096
 20
16.3068
 30
0.0
 11
-6.096
 21
16.962295771850368
 31
0.0
  0
LINE
  5
35C
330
17
100
AcDbEntity
  8
OBSERVED_WELDS
100
AcDbLine
 10
-6.096
 20
17.120203513908375
 30
0.0
 11
-6.096
 21
17.71683097998749
 31
0.0
  0
LINE
  5
35D
330
17
100
AcDbEntity
  8
OBSERVED_WELDS
100
AcDbLine
 10
-6.096
 20
17.796452000743557
 30
0.0
 11
-6.096
 21
18.428716041907823
 31
0.0
  0
LINE
  5
35E
330
17
100
AcDbEntity
  8
OBSERVED_WELDS
100
AcDbLine
 10
-6.096
 20
18.522323863175348
 30
0.0
 11
-6.096
 21
18.85511374814287
 31
0.0
  0
LINE
  5
35F
330
17
100
AcDbEntity
  8
OBSERVED_WELDS
100
AcDbLine
 10
-6.096
 20
18.866445584709904
 30
0.0
 11
-6.096
 21
19.9644
 31
0.0
  0
LINE
  5
360
330
17
100
AcDbEntity
  8
OBSERVED_WELDS
100
AcDbLine
 10
13.634413935799417
 20
16.3068
 30
0.0
 11
12.756020346986668
 21
16.3068
 31
0.0
  0
LINE
  5
361
330
17
100
AcDbEntity
  8
OBSERVED_WELDS
100
AcDbLine
 10
12.698479339988129
 20
16.3068
 30
0.0
 11
12.056185569756721
 21
16.3068
 31
0.0
  0
LINE
  5
362
330
17
100
AcDbEntity
  8
OBSERVED_WELDS
100
AcDbLine
 10
12.026558952459643
 20
16.3068
 30
0.0
 11
11.54882197210158
 21
16.3068
 31
0.0
  0
LINE
  5
363
330
17
100
AcDbEntity
  8
OBSERVED_WELDS
100
AcDbLine
 10
11.531567233608905
 20
16.3068
 30
0.0
 11
11.155261067531363
 21
16.3068
 31
0.0
  0
LINE
  5
364
330
17
100
AcDbEntity
  8
OBSERVED_WELDS
100
AcDbLine
 10
11.148815581082061
 20
16.3068
 30
0.0
 11
9.993815901529832
 21
16.3068
 31
0.0
  0
LINE
  5
365
330
17
100
AcDbEntity
  8
OBSERVED_WELDS
100
AcDbLine
 10
9.937235505262045
 20
16.3068
 30
0.0
 11
9.318022625727789
 21
16.3068
 31
0.0
  0
LINE
  5
366
330
17
100
AcDbEntity
  8
OBSERVED_WELDS
100
AcDbLine
 10
9.282869837693024
 20
16.3068
 30
0.0
 11
8.779144795842008
 21
16.3068
 31
0.0
  0
LINE
  5
367
330
17
100
AcDbEntity
  8
OBSERVED_WELDS
100
AcDbLine
 10
8.754964987414496
 20
16.3068
 30
0.0
 11
8.322214392192958
 21
16.3068
 31
0.0
  0
LINE
  5
368
330
17
100
AcDbEntity
  8
OBSERVED_WELDS
100
AcDbLine
 10
8.306808538792923
 20
16.3068
 30
0.0
 11
7.9361943815118305
 21
16.3068
 31
0.0
  0
LINE
  5
369
330
17
100
AcDbEntity
  8
OBSERVED_WELDS
100
AcDbLine
 10
7.751054116839927
 20
16.3068
 30
0.0
 11
7.325267332943715
 21
16.3068
 31
0.0
  0
LINE
  5
36A
330
17
100
AcDbEntity
  8
OBSERVED_WELDS
100
AcDbLine
 10
7.224680499560026
 20
16.3068
 30
0.0
 11
6.505238265291373
 21
16.3068
 31
0.0
  0
LINE
  5
36B
330
17
100
AcDbEntity
  8
OBSERVED_WELDS
100
AcDbLine
 10
6.450246000877727
 20
16.3068
 30
0.0
 11
5.867589378852799
 21
16.3068
 31
0.0
  0
LINE
  5
36C
330
17
100
AcDbEntity
  8
OBSERVED_WELDS
100
AcDbLine
 10
5.825589417110505
 20
16.3068
 30
0.0
 11
5.300397941423075
 21
16.3068
 31
0.0
  0
LINE
  5
36D
330
17
100
AcDbEntity
  8
OBSERVED_WELDS
100
AcDbLine
 10
5.265909752050645
 20
16.3068
 30
0.0
 11
4.775584846463486
 21
16.3068
 31
0.0
  0
LINE
  5
36E
330
17
100
AcDbEntity
  8
OBSERVED_WELDS
100
AcDbLine
 10
4.7466272942713275
 20
16.3068
 30
0.0
 11
4.280565225279563
 21
16.3068
 31
0.0
  0
LINE
  5
36F
330
17
100
AcDbEntity
  8
OBSERVED_WELDS
100
AcDbLine
 10
4.256297036132462
 20
16.3068
 30
0.0
 11
3.8078908711595325
 21
16.3068
 31
0.0
  0
LINE
  5
370
330
17
100
AcDbEntity
  8
OBSERVED_WELDS
100
AcDbLine
 10
3.7879684413262424
 20
16.3068
 30
0.0
 11
3.3531445179067934
 21
16.3068
 31
0.0
  0
LINE
  5
371
330
17
100
AcDbEntity
  8
OBSERVED_WELDS
100
AcDbLine
 10
3.3377224943350616
 20
16.3068
 30
0.0
 11
2.913466858321126
 21
16.3068
 31
0.0
  0
LINE
  5
372
330
17
100
AcDbEntity
  8
OBSERVED_WELDS
100
AcDbLine
 10
2.903227831728184
 20
16.3068
 30
0.0
 11
2.487334694822037
 21
16.3068
 31
0.0
  0
LINE
  5
373
330
17
100
AcDbEntity
  8
OBSERVED_WELDS
100
AcDbLine
 10
2.4838589204638843
 20
16.3068
 30
0.0
 11
2.206630726212513
 21
16.3068
 31
0.0
  0
LINE
  5
374
330
17
100
AcDbEntity
  8
OBSERVED_WELDS
100
AcDbLine
 10
-2.2241927050821797
 20
16.3068
 30
0.0
 11
-2.668129876273804
 21
16.3068
 31
0.0
  0
LINE
  5
375
330
17
100
AcDbEntity
  8
OBSERVED_WELDS
100
AcDbLine
 10
-2.6791047681712197
 20
16.3068
 30
0.0
 11
-3.3274544490703644
 21
16.3068
 31
0.0
  0
LINE
  5
376
330
17
100
AcDbEntity
  8
OBSERVED_WELDS
100
AcDbLine
 10
-3.349801350147375
 20
16.3068
 30
0.0
 11
-3.9652677427862972
 21
16.3068
 31
0.0
  0
LINE
  5
377
330
17
100
AcDbEntity
  8
OBSERVED_WELDS
100
AcDbLine
 10
-3.994478238956935
 20
16.3068
 30
0.0
 11
-4.583277681820745
 21
16.3068
 31
0.0
  0
LINE
  5
378
330
17
100
AcDbEntity
  8
OBSERVED_WELDS
100
AcDbLine
 10
-4.616886695049724
 20
16.3068
 30
0.0
 11
-5.1798821678603435
 21
16.3068
 31
0.0
  0
LINE
  5
379
330
17
100
AcDbEntity
  8
OBSERVED_WELDS
100
AcDbLine
 10
-5.216544989719177
 20
16.3068
 30
0.0
 11
-5.751748181703798
 21
16.3068
 31
0.0
  0
LINE
  5
37A
330
17
100
AcDbEntity
  8
OBSERVED_WELDS
100
AcDbLine
 10
-5.79079458445032
 20
16.3068
 30
0.0
 11
-6.294451835398631
 21
16.3068
 31
0.0
  0
LINE
  5
37B
330
17
100
AcDbEntity
  8
OBSERVED_WELDS
100
AcDbLine
 10
-6.3352805229949904
 20
16.3068
 30
0.0
 11
-6.801308819063231
 21
16.3068
 31
0.0
  0
LINE
  5
37C
330
17
100
AcDbEntity
  8
OBSERVED_WELDS
100
AcDbLine
 10
-6.84361064491951
 20
16.3068
 30
0.0
 11
-7.2623250136906945
 21
16.3068
 31
0.0
  0
LINE
  5
37D
330
17
100
AcDbEntity
  8
OBSERVED_WELDS
100
AcDbLine
 10
-7.305450786456658
 20
16.3068
 30
0.0
 11
-7.658876070916992
 21
16.3068
 31
0.0
  0
LINE
  5
37E
330
17
100
AcDbEntity
  8
OBSERVED_WELDS
100
AcDbLine
 10
-7.702383924669624
 20
16.3068
 30
0.0
 11
-7.925276329774232
 21
16.3068
 31
0.0
  0
LINE
  5
37F
330
17
100
AcDbEntity
  8
OBSERVED_WELDS
100
AcDbLine
 10
-7.9547445017750835
 20
16.3068
 30
0.0
 11
-8.853575246158377
 21
16.3068
 31
0.0
  0
LINE
  5
380
330
17
100
AcDbEntity
  8
OBSERVED_WELDS
100
AcDbLine
 10
-8.891256271698742
 20
16.3068
 30
0.0
 11
-9.512890818921699
 21
16.3068
 31
0.0
  0
LINE
  5
381
330
17
100
AcDbEntity
  8
OBSERVED_WELDS
100
AcDbLine
 10
-9.551590010898844
 20
16.3068
 30
0.0
 11
-10.07032395922032
 21
16.3068
 31
0.0
  0
LINE
  5
382
330
17
100
AcDbEntity
  8
OBSERVED_WELDS
100
AcDbLine
 10
-10.108987646589705
 20
16.3068
 30
0.0
 11
-10.542046550515154
 21
16.3068
 31
0.0
  0
LINE
  5
383
330
17
100
AcDbEntity
  8
OBSERVED_WELDS
100
AcDbLine
 10
-10.580087194658882
 20
16.3068
 30
0.0
 11
-10.917531306157857
 21
16.3068
 31
0.0
  0
LINE
  5
384
330
17
100
AcDbEntity
  8
OBSERVED_WELDS
100
AcDbLine
 10
-10.954035444754426
 20
16.3068
 30
0.0
 11
-12.02478512833122
 21
16.3068
 31
0.0
  0
LINE
  5
385
330
17
100
AcDbEntity
  8
OBSERVED_WELDS
100
AcDbLine
 10
-12.064790930055398
 20
16.3068
 30
0.0
 11
-12.680362606159749
 21
16.3068
 31
0.0
  0
LINE
  5
386
330
17
100
AcDbEntity
  8
OBSERVED_WELDS
100
AcDbLine
 10
-12.717789388997355
 20
16.3068
 30
0.0
 11
-13.18508231547636
 21
16.3068
 31
0.0
  0
LINE
  5
387
330
17
100
AcDbEntity
  8
OBSERVED_WELDS
100
AcDbLine
 10
-13.22036069184226
 20
16.3068
 30
0.0
 11
-13.564691626615057
 21
16.3068
 31
0.0
  0
LINE
  5
388
330
17
100
AcDbEntity
  8
OBSERVED_WELDS
100
AcDbLine
 10
-7.555329592563302
 20
19.9644
 30
0.0
 11
-7.3062133804427996
 21
19.9644
 31
0.0
  0
LINE
  5
389
330
17
100
AcDbEntity
  8
OBSERVED_WELDS
100
AcDbLine
 10
-7.2928610402061675
 20
19.9644
 30
0.0
 11
-6.9880138619368966
 21
19.9644
 31
0.0
  0
LINE
  5
38A
330
17
100
AcDbEntity
  8
OBSERVED_WELDS
100
AcDbLine
 10
-6.949503752062305
 20
19.9644
 30
0.0
 11
-6.5511696109690565
 21
19.9644
 31
0.0
  0
LINE
  5
38B
330
17
100
AcDbEntity
  8
OBSERVED_WELDS
100
AcDbLine
 10
-6.513897598062437
 20
19.9644
 30
0.0
 11
-6.07603759967646
 21
19.9644
 31
0.0
  0
LINE
  5
38C
330
17
100
AcDbEntity
  8
OBSERVED_WELDS
100
AcDbLine
 10
-6.040130883213978
 20
19.9644
 30
0.0
 11
-5.573688349228585
 21
19.9644
 31
0.0
  0
LINE
  5
38D
330
17
100
AcDbEntity
  8
OBSERVED_WELDS
100
AcDbLine
 10
-5.538915997132028
 20
19.9644
 30
0.0
 11
-5.051150220409967
 21
19.9644
 31
0.0
  0
LINE
  5
38E
330
17
100
AcDbEntity
  8
OBSERVED_WELDS
100
AcDbLine
 10
-5.017858593645143
 20
19.9644
 30
0.0
 11
-4.5139222352756025
 21
19.9644
 31
0.0
  0
LINE
  5
38F
330
17
100
AcDbEntity
  8
OBSERVED_WELDS
100
AcDbLine
 10
-4.482164721335329
 20
19.9644
 30
0.0
 11
-3.9665557778410956
 21
19.9644
 31
0.0
  0
LINE
  5
390
330
17
100
AcDbEntity
  8
OBSERVED_WELDS
100
AcDbLine
 10
-3.936284698259369
 20
19.9644
 30
0.0
 11
-3.4129748579755157
 21
19.9644
 31
0.0
  0
LINE
  5
391
330
17
100
AcDbEntity
  8
OBSERVED_WELDS
100
AcDbLine
 10
-3.3845594774245855
 20
19.9644
 30
0.0
 11
-2.857020022478551
 21
19.9644
 31
0.0
  0
LINE
  5
392
330
17
100
AcDbEntity
  8
OBSERVED_WELDS
100
AcDbLine
 10
-2.8303568764516385
 20
19.9644
 30
0.0
 11
-2.3022926435585926
 21
19.9644
 31
0.0
  0
LINE
  5
393
330
17
100
AcDbEntity
  8
OBSERVED_WELDS
100
AcDbLine
 10
-2.2772922009050713
 20
19.9644
 30
0.0
 11
-1.7516962624806833
 21
19.9644
 31
0.0
  0
LINE
  5
394
330
17
100
AcDbEntity
  8
OBSERVED_WELDS
100
AcDbLine
 10
-1.7283810706809284
 20
19.9644
 30
0.0
 11
-1.2078294793188746
 21
19.9644
 31
0.0
  0
LINE
  5
395
330
17
100
AcDbEntity
  8
OBSERVED_WELDS
100
AcDbLine
 10
-1.1860347479931495
 20
19.9644
 30
0.0
 11
-0.6727746425686512
 21
19.9644
 31
0.0
  0
LINE
  5
396
330
17
100
AcDbEntity
  8
OBSERVED_WELDS
100
AcDbLine
 10
-0.6520723072224515
 20
19.9644
 30
0.0
 11
-0.1472316191555736
 21
19.9644
 31
0.0
  0
LINE
  5
397
330
17
100
AcDbEntity
  8
OBSERVED_WELDS
100
AcDbLine
 10
-0.12726003319792678
 20
19.9644
 30
0.0
 11
0.3693107198005823
 21
19.9644
 31
0.0
  0
LINE
  5
398
330
17
100
AcDbEntity
  8
OBSERVED_WELDS
100
AcDbLine
 10
0.3890761198797543
 20
19.9644
 30
0.0
 11
0.8779677506179979
 21
19.9644
 31
0.0
  0
LINE
  5
399
330
17
100
AcDbEntity
  8
OBSERVED_WELDS
100
AcDbLine
 10
0.8980042093265208
 20
19.9644
 30
0.0
 11
1.380924946322473
 21
19.9644
 31
0.0
  0
LINE
  5
39A
330
17
100
AcDbEntity
  8
OBSERVED_WELDS
100
AcDbLine
 10
1.4015771473077816
 20
19.9644
 30
0.0
 11
1.8808660443470038
 21
19.9644
 31
0.0
  0
LINE
  5
39B
330
17
100
AcDbEntity
  8
OBSERVED_WELDS
100
AcDbLine
 10
1.9024460405593757
 20
19.9644
 30
0.0
 11
2.3803514692883727
 21
19.9644
 31
0.0
  0
LINE
  5
39C
330
17
100
AcDbEntity
  8
OBSERVED_WELDS
100
AcDbLine
 10
2.4032139772217658
 20
19.9644
 30
0.0
 11
2.882625880634082
 21
19.9644
 31
0.0
  0
LINE
  5
39D
330
17
100
AcDbEntity
  8
OBSERVED_WELDS
100
AcDbLine
 10
2.9071112015570773
 20
19.9644
 30
0.0
 11
3.3911000891117933
 21
19.9644
 31
0.0
  0
LINE
  5
39E
330
17
100
AcDbEntity
  8
OBSERVED_WELDS
100
AcDbLine
 10
3.4175351254007222
 20
19.9644
 30
0.0
 11
3.9098102342348535
 21
19.9644
 31
0.0
  0
LINE
  5
39F
330
17
100
AcDbEntity
  8
OBSERVED_WELDS
100
AcDbLine
 10
3.938666949404748
 20
19.9644
 30
0.0
 11
4.443696102735858
 21
19.9644
 31
0.0
  0
LINE
  5
3A0
330
17
100
AcDbEntity
  8
OBSERVED_WELDS
100
AcDbLine
 10
4.475603823269331
 20
19.9644
 30
0.0
 11
5.000134461733891
 21
19.9644
 31
0.0
  0
LINE
  5
3A1
330
17
100
AcDbEntity
  8
OBSERVED_WELDS
100
AcDbLine
 10
5.0362347908616485
 20
19.9644
 30
0.0
 11
5.591024431495493
 21
19.9644
 31
0.0
  0
LINE
  5
3A2
330
17
100
AcDbEntity
  8
OBSERVED_WELDS
100
AcDbLine
 10
5.633304314578632
 20
19.9644
 30
0.0
 11
6.241571022938041
 21
19.9644
 31
0.0
  0
LINE
  5
3A3
330
17
100
AcDbEntity
  8
OBSERVED_WELDS
100
AcDbLine
 10
6.295711032626159
 20
19.9644
 30
0.0
 11
7.053332614195013
 21
19.9644
 31
0.0
  0
LINE
  5
3A4
330
17
100
AcDbEntity
  8
OBSERVED_WELDS
100
AcDbLine
 10
7.292897160856733
 20
19.9644
 30
0.0
 11
7.555329592563304
 21
19.9644
 31
0.0
  0
LINE
  5
3A5
330
17
100
AcDbEntity
  8
OBSERVED_WELDS
100
AcDbLine
 10
5.486400000000001
 20
19.9644
 30
0.0
 11
5.486400000000001
 21
20.42030932735998
 31
0.0
  0
LINE
  5
3A6
330
17
100
AcDbEntity
  8
OBSERVED_WELDS
100
AcDbLine
 10
-1.8288
 20
20.194011948796497
 30
0.0
 11
-1.8288
 21
20.67762668336169
 31
0.0
  0
LINE
  5
3A7
330
17
100
AcDbEntity
  8
OBSERVED_WELDS
100
AcDbLine
 10
-1.8288
 20
20.787321844476832
 30
0.0
 11
-1.8288
 21
21.176321819181833
 31
0.0
  0
LINE
  5
3A8
330
17
100
AcDbEntity
  8
OBSERVED_WELDS
100
AcDbLine
 10
-5.486400000000001
 20
19.9644
 30
0.0
 11
-5.486400000000001
 21
20.23095600618216
 31
0.0
  0
LINE
  5
3A9
330
17
100
AcDbEntity
  8
OBSERVED_WELDS
100
AcDbLine
 10
-5.486400000000001
 20
20.321673847523268
 30
0.0
 11
-5.486400000000001
 21
20.536383569927644
 31
0.0
  0
LINE
  5
3AA
330
17
100
AcDbEntity
  8
OBSERVED_WELDS
100
AcDbLine
 10
1.8288
 20
19.9644
 30
0.0
 11
1.8288
 21
20.15723898895142
 31
0.0
  0
LINE
  5
3AB
330
17
100
AcDbEntity
  8
OBSERVED_WELDS
100
AcDbLine
 10
1.8288
 20
20.42915879774076
 30
0.0
 11
1.8288
 21
21.148093610399727
 31
0.0
  0
LINE
  5
3AC
330
17
100
AcDbEntity
  8
OBSERVED_WELDS
100
AcDbLine
 10
19.812
 20
5.943600000000001
 30
0.0
 11
19.812
 21
6.30828784166544
 31
0.0
  0
LINE
  5
3AD
330
17
100
AcDbEntity
  8
OBSERVED_WELDS
100
AcDbLine
 10
19.812
 20
6.343667368250881
 30
0.0
 11
19.812
 21
6.792747299397506
 31
0.0
  0
LINE
  5
3AE
330
17
100
AcDbEntity
  8
OBSERVED_WELDS
100
AcDbLine
 10
19.812
 20
6.829233796930353
 30
0.0
 11
19.812
 21
7.24006104587243
 31
0.0
  0
LINE
  5
3AF
330
17
100
AcDbEntity
  8
OBSERVED_WELDS
100
AcDbLine
 10
19.812
 20
7.277680888616528
 30
0.0
 11
19.812
 21
7.632864031709403
 31
0.0
  0
LINE
  5
3B0
330
17
100
AcDbEntity
  8
OBSERVED_WELDS
100
AcDbLine
 10
19.812
 20
7.671665442725562
 30
0.0
 11
19.812
 21
7.92325573946899
 31
0.0
  0
LINE
  5
3B1
330
17
100
AcDbEntity
  8
OBSERVED_WELDS
100
AcDbLine
 10
-15.432992272600451
 20
14.782800000000002
 30
0.0
 11
-15.219655248125196
 21
14.782800000000002
 31
0.0
  0
LINE
  5
3B2
330
17
100
AcDbEntity
  8
OBSERVED_WELDS
100
AcDbLine
 10
-15.187754346571788
 20
14.782800000000002
 30
0.0
 11
-14.826953720702607
 21
14.782800000000002
 31
0.0
  0
LINE
  5
3B3
330
17
100
AcDbEntity
  8
OBSERVED_WELDS
100
AcDbLine
 10
-14.790510930785482
 20
14.782800000000002
 30
0.0
 11
-14.260177099382346
 21
14.782800000000002
 31
0.0
  0
LINE
  5
3B4
330
17
100
AcDbEntity
  8
OBSERVED_WELDS
100
AcDbLine
 10
-14.218637087598324
 20
14.782800000000002
 30
0.0
 11
-12.960103915264755
 21
14.782800000000002
 31
0.0
  0
LINE
  5
3B5
330
17
100
AcDbEntity
  8
OBSERVED_WELDS
100
AcDbLine
 10
-12.953946799791597
 20
14.782800000000002
 30
0.0
 11
-12.767878995344383
 21
14.782800000000002
 31
0.0
  0
LINE
  5
3B6
330
17
100
AcDbEntity
  8
OBSERVED_WELDS
100
AcDbLine
 10
-12.731247750722643
 20
14.782800000000002
 30
0.0
 11
-12.326926984076374
 21
14.782800000000002
 31
0.0
  0
LINE
  5
3B7
330
17
100
AcDbEntity
  8
OBSERVED_WELDS
100
AcDbLine
 10
-12.287310385378381
 20
14.782800000000002
 30
0.0
 11
-11.745970447887734
 21
14.782800000000002
 31
0.0
  0
LINE
  5
3B8
330
17
100
AcDbEntity
  8
OBSERVED_WELDS
100
AcDbLine
 10
-11.70352341523516
 20
14.782800000000002
 30
0.0
 11
-10.897072566311959
 21
14.782800000000002
 31
0.0
  0
LINE
  5
3B9
330
17
100
AcDbEntity
  8
OBSERVED_WELDS
100
AcDbLine
 10
-10.845533086822881
 20
14.782800000000002
 30
0.0
 11
-10.182087294204557
 21
14.782800000000002
 31
0.0
  0
LINE
  5
3BA
330
17
100
AcDbEntity
  8
OBSERVED_WELDS
100
AcDbLine
 10
-10.14133465480019
 20
14.782800000000002
 30
0.0
 11
-9.752734009507824
 21
14.782800000000002
 31
0.0
  0
LINE
  5
3BB
330
17
100
AcDbEntity
  8
OBSERVED_WELDS
100
AcDbLine
 10
-9.710606917488375
 20
14.782800000000002
 30
0.0
 11
-9.228690588522742
 21
14.782800000000002
 31
0.0
  0
LINE
  5
3BC
330
17
100
AcDbEntity
  8
OBSERVED_WELDS
100
AcDbLine
 10
-9.186091386173768
 20
14.782800000000002
 30
0.0
 11
-8.606091947564998
 21
14.782800000000002
 31
0.0
  0
LINE
  5
3BD
330
17
100
AcDbEntity
  8
OBSERVED_WELDS
100
AcDbLine
 10
-8.563825067428983
 20
14.782800000000002
 30
0.0
 11
-7.814928962901392
 21
14.782800000000002
 31
0.0
  0
LINE
  5
3BE
330
17
100
AcDbEntity
  8
OBSERVED_WELDS
100
AcDbLine
 10
-7.775184350106912
 20
14.782800000000002
 30
0.0
 11
-7.229051493514055
 21
14.782800000000002
 31
0.0
  0
LINE
  5
3BF
330
17
100
AcDbEntity
  8
OBSERVED_WELDS
100
AcDbLine
 10
7.34734179535303
 20
14.782800000000002
 30
0.0
 11
7.70459156301464
 21
14.782800000000002
 31
0.0
  0
LINE
  5
3C0
330
17
100
AcDbEntity
  8
OBSERVED_WELDS
100
AcDbLine
 10
7.7197578483308025
 20
14.782800000000002
 30
0.0
 11
8.142531392824635
 21
14.782800000000002
 31
0.0
  0
LINE
  5
3C1
330
17
100
AcDbEntity
  8
OBSERVED_WELDS
100
AcDbLine
 10
8.167555788027384
 20
14.782800000000002
 30
0.0
 11
8.663505730691869
 21
14.782800000000002
 31
0.0
  0
LINE
  5
3C2
330
17
100
AcDbEntity
  8
OBSERVED_WELDS
100
AcDbLine
 10
8.700637997982069
 20
14.782800000000002
 30
0.0
 11
9.314714889400785
 21
14.782800000000002
 31
0.0
  0
LINE
  5
3C3
330
17
100
AcDbEntity
  8
OBSERVED_WELDS
100
AcDbLine
 10
9.375573369630738
 20
14.782800000000002
 30
0.0
 11
10.556164094014102
 21
14.782800000000002
 31
0.0
  0
LINE
  5
3C4
330
17
100
AcDbEntity
  8
OBSERVED_WELDS
100
AcDbLine
 10
10.563827061642028
 20
14.782800000000002
 30
0.0
 11
10.946495809471921
 21
14.782800000000002
 31
0.0
  0
LINE
  5
3C5
330
17
100
AcDbEntity
  8
OBSERVED_WELDS
100
AcDbLine
 10
10.966233461864041
 20
14.782800000000002
 30
0.0
 11
11.460133649129531
 21
14.782800000000002
 31
0.0
  0
LINE
  5
3C6
330
17
100
AcDbEntity
  8
OBSERVED_WELDS
100
AcDbLine
 10
11.495018003946354
 20
14.782800000000002
 30
0.0
 11
12.20083195970026
 21
14.782800000000002
 31
0.0
  0
LINE
  5
3C7
330
17
100
AcDbEntity
  8
OBSERVED_WELDS
100
AcDbLine
 10
12.282704247056698
 20
14.782800000000002
 30
0.0
 11
12.95308434338754
 21
14.782800000000002
 31
0.0
  0
LINE
  5
3C8
330
17
100
AcDbEntity
  8
OBSERVED_WELDS
100
AcDbLine
 10
12.95363205312468
 20
14.782800000000002
 30
0.0
 11
13.157202565345289
 21
14.782800000000002
 31
0.0
  0
LINE
  5
3C9
330
17
100
AcDbEntity
  8
OBSERVED_WELDS
100
AcDbLine
 10
13.165602713332104
 20
14.782800000000002
 30
0.0
 11
13.570425757494974
 21
14.782800000000002
 31
0.0
  0
LINE
  5
3CA
330
17
100
AcDbEntity
  8
OBSERVED_WELDS
100
AcDbLine
 10
13.592525972424232
 20
14.782800000000002
 30
0.0
 11
14.170802110890811
 21
14.782800000000002
 31
0.0
  0
LINE
  5
3CB
330
17
100
AcDbEntity
  8
OBSERVED_WELDS
100
AcDbLine
 10
14.217271990357103
 20
14.782800000000002
 30
0.0
 11
15.273926745603587
 21
14.782800000000002
 31
0.0
  0
LINE
  5
3CC
330
17
100
AcDbEntity
  8
OBSERVED_WELDS
100
AcDbLine
 10
16.4592
 20
9.601200000000002
 30
0.0
 11
16.4592
 21
9.84044946037259
 31
0.0
  0
LINE
  5
3CD
330
17
100
AcDbEntity
  8
OBSERVED_WELDS
100
AcDbLine
 10
16.4592
 20
9.879119556994073
 30
0.0
 11
16.4592
 21
10.309530530760806
 31
0.0
  0
LINE
  5
3CE
330
17
100
AcDbEntity
  8
OBSERVED_WELDS
100
AcDbLine
 10
16.4592
 20
10.34769490468285
 30
0.0
 11
16.4592
 21
10.685916115441941
 31
0.0
  0
LINE
  5
3CF
330
17
100
AcDbEntity
  8
OBSERVED_WELDS
100
AcDbLine
 10
16.4592
 20
10.722644245609825
 30
0.0
 11
16.4592
 21
11.1252
 31
0.0
  0
LINE
  5
3D0
330
17
100
AcDbEntity
  8
OBSERVED_WELDS
100
AcDbLine
 10
16.764
 20
-5.943600000000001
 30
0.0
 11
16.764
 21
-6.802337153383965
 31
0.0
  0
LINE
  5
3D1
330
17
100
AcDbEntity
  8
OBSERVED_WELDS
100
AcDbLine
 10
16.764
 20
-6.804833683706835
 30
0.0
 11
16.764
 21
-7.1635052890002875
 31
0.0
  0
LINE
  5
3D2
330
17
100
AcDbEntity
  8
OBSERVED_WELDS
100
AcDbLine
 10
16.764
 20
-7.175667544453212
 30
0.0
 11
16.764
 21
-7.58560715662171
 31
0.0
  0
LINE
  5
3D3
330
17
100
AcDbEntity
  8
OBSERVED_WELDS
100
AcDbLine
 10
16.764
 20
-7.605446871807769
 30
0.0
 11
16.764
 21
-8.065756385084208
 31
0.0
  0
LINE
  5
3D4
330
17
100
AcDbEntity
  8
OBSERVED_WELDS
100
AcDbLine
 10
16.764
 20
-8.093376087290205
 30
0.0
 11
16.764
 21
-8.617364138330258
 31
0.0
  0
LINE
  5
3D5
330
17
100
AcDbEntity
  8
OBSERVED_WELDS
100
AcDbLine
 10
16.764
 20
-8.655498289278611
 30
0.0
 11
16.764
 21
-9.289233007413793
 31
0.0
  0
LINE
  5
3D6
330
17
100
AcDbEntity
  8
OBSERVED_WELDS
100
AcDbLine
 10
16.764
 20
-9.34944899892664
 30
0.0
 11
16.764
 21
-9.601200000000002
 31
0.0
  0
LINE
  5
3D7
330
17
100
AcDbEntity
  8
OBSERVED_WELDS
100
AcDbLine
 10
-10.668
 20
-16.3068
 30
0.0
 11
-10.668
 21
-16.507563436710544
 31
0.0
  0
LINE
  5
3D8
330
17
100
AcDbEntity
  8
OBSERVED_WELDS
100
AcDbLine
 10
-10.668
 20
-16.51110639433005
 30
0.0
 11
-10.668
 21
-17.919906881968164
 31
0.0
  0
LINE
  5
3D9
330
17
100
AcDbEntity
  8
OBSERVED_WELDS
100
AcDbLine
 10
-10.668
 20
-17.96132818649406
 30
0.0
 11
-10.668
 21
-18.33964126855717
 31
0.0
  0
LINE
  5
3DA
330
17
100
AcDbEntity
  8
OBSERVED_WELDS
100
AcDbLine
 10
10.668
 20
-16.3068
 30
0.0
 11
10.668
 21
-16.64802508855239
 31
0.0
  0
LINE
  5
3DB
330
17
100
AcDbEntity
  8
OBSERVED_WELDS
100
AcDbLine
 10
10.668
 20
-16.65553250676259
 30
0.0
 11
10.668
 21
-17.110847504916173
 31
0.0
  0
LINE
  5
3DC
330
17
100
AcDbEntity
  8
OBSERVED_WELDS
100
AcDbLine
 10
10.668
 20
-17.14269670876255
 30
0.0
 11
10.668
 21
-18.38441720991593
 31
0.0
  0
LINE
  5
3DD
330
17
100
AcDbEntity
  8
OBSERVED_WELDS
100
AcDbLine
 10
9.144
 20
-16.3068
 30
0.0
 11
9.144
 21
-16.722466971323048
 31
0.0
  0
LINE
  5
3DE
330
17
100
AcDbEntity
  8
OBSERVED_WELDS
100
AcDbLine
 10
9.144
 20
-17.207542580996474
 30
0.0
 11
9.144
 21
-17.40173376914913
 31
0.0
  0
LINE
  5
3DF
330
17
100
AcDbEntity
  8
OBSERVED_WELDS
100
AcDbLine
 10
9.144
 20
-17.404760925819843
 30
0.0
 11
9.144
 21
-17.767791203919785
 31
0.0
  0
LINE
  5
3E0
330
17
100
AcDbEntity
  8
OBSERVED_WELDS
100
AcDbLine
 10
9.144
 20
-17.78891047138559
 30
0.0
 11
9.144
 21
-19.188782437952344
 31
0.0
  0
LINE
  5
3E1
330
17
100
AcDbEntity
  8
OBSERVED_WELDS
100
AcDbLine
 10
-1.524
 20
-16.390261583011306
 30
0.0
 11
-1.524
 21
-17.891303593543277
 31
0.0
  0
LINE
  5
3E2
330
17
100
AcDbEntity
  8
OBSERVED_WELDS
100
AcDbLine
 10
-1.524
 20
-18.08464811325635
 30
0.0
 11
-1.524
 21
-19.388873757756894
 31
0.0
  0
LINE
  5
3E3
330
17
100
AcDbEntity
  8
OBSERVED_WELDS
100
AcDbLine
 10
-1.524
 20
-19.76791181686192
 30
0.0
 11
-1.524
 21
-19.9644
 31
0.0
  0
LINE
  5
3E4
330
17
100
AcDbEntity
  8
OBSERVED_WELDS
100
AcDbLine
 10
6.096
 20
-16.3068
 30
0.0
 11
6.096
 21
-16.962295771850364
 31
0.0
  0
LINE
  5
3E5
330
17
100
AcDbEntity
  8
OBSERVED_WELDS
100
AcDbLine
 10
6.096
 20
-17.120203513908375
 30
0.0
 11
6.096
 21
-17.716830979987492
 31
0.0
  0
LINE
  5
3E6
330
17
100
AcDbEntity
  8
OBSERVED_WELDS
100
AcDbLine
 10
6.096
 20
-17.796452000743564
 30
0.0
 11
6.096
 21
-18.428716041907816
 31
0.0
  0
LINE
  5
3E7
330
17
100
AcDbEntity
  8
OBSERVED_WELDS
100
AcDbLine
 10
6.096
 20
-18.52232386317534
 30
0.0
 11
6.096
 21
-18.855113748142877
 31
0.0
  0
LINE
  5
3E8
330
17
100
AcDbEntity
  8
OBSERVED_WELDS
100
AcDbLine
 10
6.096
 20
-18.866445584709904
 30
0.0
 11
6.096
 21
-19.9644
 31
0.0
  0
LINE
  5
3E9
330
17
100
AcDbEntity
  8
OBSERVED_WELDS
100
AcDbLine
 10
-9.144
 20
-16.3068
 30
0.0
 11
-9.144
 21
-16.91948291167493
 31
0.0
  0
LINE
  5
3EA
330
17
100
AcDbEntity
  8
OBSERVED_WELDS
100
AcDbLine
 10
-9.144
 20
-16.966335976024546
 30
0.0
 11
-9.144
 21
-17.355001763503214
 31
0.0
  0
LINE
  5
3EB
330
17
100
AcDbEntity
  8
OBSERVED_WELDS
100
AcDbLine
 10
-9.144
 20
-17.388317115984734
 30
0.0
 11
-9.144
 21
-18.612472352424387
 31
0.0
  0
LINE
  5
3EC
330
17
100
AcDbEntity
  8
OBSERVED_WELDS
100
AcDbLine
 10
-9.144
 20
-18.66081537431856
 30
0.0
 11
-9.144
 21
-19.10469956224981
 31
0.0
  0
LINE
  5
3ED
330
17
100
AcDbEntity
  8
OBSERVED_WELDS
100
AcDbLine
 10
-4.572
 20
-16.3068
 30
0.0
 11
-4.572
 21
-17.144427147160545
 31
0.0
  0
LINE
  5
3EE
330
17
100
AcDbEntity
  8
OBSERVED_WELDS
100
AcDbLine
 10
-4.572
 20
-17.19899666748663
 30
0.0
 11
-4.572
 21
-17.4666061278215
 31
0.0
  0
LINE
  5
3EF
330
17
100
AcDbEntity
  8
OBSERVED_WELDS
100
AcDbLine
 10
-4.572
 20
-17.54907279251222
 30
0.0
 11
-4.572
 21
-18.660584718871526
 31
0.0
  0
LINE
  5
3F0
330
17
100
AcDbEntity
  8
OBSERVED_WELDS
100
AcDbLine
 10
-4.572
 20
-18.720872096659182
 30
0.0
 11
-4.572
 21
-19.115516181744454
 31
0.0
  0
LINE
  5
3F1
330
17
100
AcDbEntity
  8
OBSERVED_WELDS
100
AcDbLine
 10
-4.572
 20
-19.29308140855745
 30
0.0
 11
-4.572
 21
-19.9644
 31
0.0
  0
LINE
  5
3F2
330
17
100
AcDbEntity
  8
OBSERVED_WELDS
100
AcDbLine
 10
-12.192
 20
-16.3068
 30
0.0
 11
-12.192
 21
-16.508188745164563
 31
0.0
  0
LINE
  5
3F3
330
17
100
AcDbEntity
  8
OBSERVED_WELDS
100
AcDbLine
 10
-12.192
 20
-16.556293206636806
 30
0.0
 11
-12.192
 21
-17.100698578262744
 31
0.0
  0
LINE
  5
3F4
330
17
100
AcDbEntity
  8
OBSERVED_WELDS
100
AcDbLine
 10
-12.192
 20
-17.1370410539354
 30
0.0
 11
-12.192
 21
-17.410322693069034
 31
0.0
  0
LINE
  5
3F5
330
17
100
AcDbEntity
  8
OBSERVED_WELDS
100
AcDbLine
 10
-7.620000000000001
 20
-16.36798492521237
 30
0.0
 11
-7.620000000000001
 21
-17.581134998842142
 31
0.0
  0
LINE
  5
3F6
330
17
100
AcDbEntity
  8
OBSERVED_WELDS
100
AcDbLine
 10
-7.620000000000001
 20
-17.634675162600743
 30
0.0
 11
-7.620000000000001
 21
-18.064789968542243
 31
0.0
  0
LINE
  5
3F7
330
17
100
AcDbEntity
  8
OBSERVED_WELDS
100
AcDbLine
 10
-7.620000000000001
 20
-18.148922313472333
 30
0.0
 11
-7.620000000000001
 21
-19.206993815000583
 31
0.0
  0
LINE
  5
3F8
330
17
100
AcDbEntity
  8
OBSERVED_WELDS
100
AcDbLine
 10
-7.620000000000001
 20
-19.264017453928453
 30
0.0
 11
-7.620000000000001
 21
-19.75570376677049
 31
0.0
  0
LINE
  5
3F9
330
17
100
AcDbEntity
  8
OBSERVED_WELDS
100
AcDbLine
 10
12.192
 20
-16.50975699030499
 30
0.0
 11
12.192
 21
-17.55218452595445
 31
0.0
  0
LINE
  5
3FA
330
17
100
AcDbEntity
  8
OBSERVED_WELDS
100
AcDbLine
 10
1.524
 20
-16.383938159126735
 30
0.0
 11
1.524
 21
-16.90905724246545
 31
0.0
  0
LINE
  5
3FB
330
17
100
AcDbEntity
  8
OBSERVED_WELDS
100
AcDbLine
 10
1.524
 20
-16.998853649137864
 30
0.0
 11
1.524
 21
-17.49484318552951
 31
0.0
  0
LINE
  5
3FC
330
17
100
AcDbEntity
  8
OBSERVED_WELDS
100
AcDbLine
 10
1.524
 20
-17.619704798633276
 30
0.0
 11
1.524
 21
-17.99085677577445
 31
0.0
  0
LINE
  5
3FD
330
17
100
AcDbEntity
  8
OBSERVED_WELDS
100
AcDbLine
 10
1.524
 20
-18.06267610597699
 30
0.0
 11
1.524
 21
-19.595491832068074
 31
0.0
  0
LINE
  5
3FE
330
17
100
AcDbEntity
  8
OBSERVED_WELDS
100
AcDbLine
 10
1.524
 20
-19.733258169109966
 30
0.0
 11
1.524
 21
-19.9644
 31
0.0
  0
LINE
  5
3FF
330
17
100
AcDbEntity
  8
OBSERVED_WELDS
100
AcDbLine
 10
4.572
 20
-16.3068
 30
0.0
 11
4.572
 21
-17.35922601671679
 31
0.0
  0
LINE
  5
400
330
17
100
AcDbEntity
  8
OBSERVED_WELDS
100
AcDbLine
 10
4.572
 20
-17.552328811093115
 30
0.0
 11
4.572
 21
-18.171161623950507
 31
0.0
  0
LINE
  5
401
330
17
100
AcDbEntity
  8
OBSERVED_WELDS
100
AcDbLine
 10
4.572
 20
-18.27652714252582
 30
0.0
 11
4.572
 21
-18.709411385250757
 31
0.0
  0
LINE
  5
402
330
17
100
AcDbEntity
  8
OBSERVED_WELDS
100
AcDbLine
 10
4.572
 20
-18.834958540566575
 30
0.0
 11
4.572
 21
-19.117083682396384
 31
0.0
  0
LINE
  5
403
330
17
100
AcDbEntity
  8
OBSERVED_WELDS
100
AcDbLine
 10
4.572
 20
-19.260530649568448
 30
0.0
 11
4.572
 21
-19.9644
 31
0.0
  0
LINE
  5
404
330
17
100
AcDbEntity
  8
OBSERVED_WELDS
100
AcDbLine
 10
7.620000000000001
 20
-16.368780873978785
 30
0.0
 11
7.620000000000001
 21
-16.563229180359066
 31
0.0
  0
LINE
  5
405
330
17
100
AcDbEntity
  8
OBSERVED_WELDS
100
AcDbLine
 10
7.620000000000001
 20
-16.57571909973995
 30
0.0
 11
7.620000000000001
 21
-17.215843624437127
 31
0.0
  0
LINE
  5
406
330
17
100
AcDbEntity
  8
OBSERVED_WELDS
100
AcDbLine
 10
7.620000000000001
 20
-17.30468733799334
 30
0.0
 11
7.620000000000001
 21
-17.898858890089205
 31
0.0
  0
LINE
  5
407
330
17
100
AcDbEntity
  8
OBSERVED_WELDS
100
AcDbLine
 10
7.620000000000001
 20
-17.99524776609541
 30
0.0
 11
7.620000000000001
 21
-18.357345394499006
 31
0.0
  0
LINE
  5
408
330
17
100
AcDbEntity
  8
OBSERVED_WELDS
100
AcDbLine
 10
7.620000000000001
 20
-18.37208430036565
 30
0.0
 11
7.620000000000001
 21
-19.9644
 31
0.0
  0
LINE
  5
409
330
17
100
AcDbEntity
  8
OBSERVED_WELDS
100
AcDbLine
 10
-6.096
 20
-16.3068
 30
0.0
 11
-6.096
 21
-16.60183877974986
 31
0.0
  0
LINE
  5
40A
330
17
100
AcDbEntity
  8
OBSERVED_WELDS
100
AcDbLine
 10
-6.096
 20
-16.656022560482953
 30
0.0
 11
-6.096
 21
-16.994432546349564
 31
0.0
  0
LINE
  5
40B
330
17
100
AcDbEntity
  8
OBSERVED_WELDS
100
AcDbLine
 10
-6.096
 20
-17.02643812084281
 30
0.0
 11
-6.096
 21
-18.15717616098248
 31
0.0
  0
LINE
  5
40C
330
17
100
AcDbEntity
  8
OBSERVED_WELDS
100
AcDbLine
 10
-6.096
 20
-18.216211441910175
 30
0.0
 11
-6.096
 21
-18.654718394022776
 31
0.0
  0
LINE
  5
40D
330
17
100
AcDbEntity
  8
OBSERVED_WELDS
100
AcDbLine
 10
-6.096
 20
-18.810654797115298
 30
0.0
 11
-6.096
 21
-19.73135936697583
 31
0.0
  0
LINE
  5
40E
330
17
100
AcDbEntity
  8
OBSERVED_WELDS
100
AcDbLine
 10
-3.048
 20
-16.3068
 30
0.0
 11
-3.048
 21
-17.581720722947153
 31
0.0
  0
LINE
  5
40F
330
17
100
AcDbEntity
  8
OBSERVED_WELDS
100
AcDbLine
 10
-3.048
 20
-17.894946885936914
 30
0.0
 11
-3.048
 21
-19.07984424672344
 31
0.0
  0
LINE
  5
410
330
17
100
AcDbEntity
  8
OBSERVED_WELDS
100
AcDbLine
 10
-3.048
 20
-19.136468561510508
 30
0.0
 11
-3.048
 21
-19.41733475149119
 31
0.0
  0
LINE
  5
411
330
17
100
AcDbEntity
  8
OBSERVED_WELDS
100
AcDbLine
 10
-3.048
 20
-19.60327273043741
 30
0.0
 11
-3.048
 21
-19.9644
 31
0.0
  0
LINE
  5
412
330
17
100
AcDbEntity
  8
OBSERVED_WELDS
100
AcDbLine
 10
3.048
 20
-16.3068
 30
0.0
 11
3.048
 21
-16.619638732919718
 31
0.0
  0
LINE
  5
413
330
17
100
AcDbEntity
  8
OBSERVED_WELDS
100
AcDbLine
 10
3.048
 20
-16.670209815675296
 30
0.0
 11
3.048
 21
-17.550762179297287
 31
0.0
  0
LINE
  5
414
330
17
100
AcDbEntity
  8
OBSERVED_WELDS
100
AcDbLine
 10
3.048
 20
-17.86718368257682
 30
0.0
 11
3.048
 21
-18.66056602993426
 31
0.0
  0
LINE
  5
415
330
17
100
AcDbEntity
  8
OBSERVED_WELDS
100
AcDbLine
 10
3.048
 20
-18.84577458336043
 30
0.0
 11
3.048
 21
-19.417324652062234
 31
0.0
  0
LINE
  5
416
330
17
100
AcDbEntity
  8
OBSERVED_WELDS
100
AcDbLine
 10
3.048
 20
-19.55026963871305
 30
0.0
 11
3.048
 21
-19.9644
 31
0.0
  0
LINE
  5
417
330
17
100
AcDbEntity
  8
OBSERVED_WELDS
100
AcDbLine
 10
15.240000000000002
 20
-11.1252
 30
0.0
 11
15.240000000000002
 21
-11.495962350529894
 31
0.0
  0
LINE
  5
418
330
17
100
AcDbEntity
  8
OBSERVED_WELDS
100
AcDbLine
 10
15.240000000000002
 20
-11.559727863313503
 30
0.0
 11
15.240000000000002
 21
-12.57987280726058
 31
0.0
  0
LINE
  5
419
330
17
100
AcDbEntity
  8
OBSERVED_WELDS
100
AcDbLine
 10
15.240000000000002
 20
-12.586792879409007
 30
0.0
 11
15.240000000000002
 21
-12.97118601698562
 31
0.0
  0
LINE
  5
41A
330
17
100
AcDbEntity
  8
OBSERVED_WELDS
100
AcDbLine
 10
15.240000000000002
 20
-12.990589417144541
 30
0.0
 11
15.240000000000002
 21
-13.515586883763875
 31
0.0
  0
LINE
  5
41B
330
17
100
AcDbEntity
  8
OBSERVED_WELDS
100
AcDbLine
 10
15.240000000000002
 20
-13.552801595318584
 30
0.0
 11
15.240000000000002
 21
-14.782800000000002
 31
0.0
  0
LINE
  5
41C
330
17
100
AcDbEntity
  8
OBSERVED_WELDS
100
AcDbLine
 10
10.668
 20
-12.528951883004401
 30
0.0
 11
10.668
 21
-12.724789897398193
 31
0.0
  0
LINE
  5
41D
330
17
100
AcDbEntity
  8
OBSERVED_WELDS
100
AcDbLine
 10
10.668
 20
-12.735634515587801
 30
0.0
 11
10.668
 21
-13.179967515579166
 31
0.0
  0
LINE
  5
41E
330
17
100
AcDbEntity
  8
OBSERVED_WELDS
100
AcDbLine
 10
10.668
 20
-13.2137132846848
 30
0.0
 11
10.668
 21
-14.731511274035643
 31
0.0
  0
LINE
  5
41F
330
17
100
AcDbEntity
  8
OBSERVED_WELDS
100
AcDbLine
 10
9.144
 20
-13.680048254666438
 30
0.0
 11
9.144
 21
-13.985174435891146
 31
0.0
  0
LINE
  5
420
330
17
100
AcDbEntity
  8
OBSERVED_WELDS
100
AcDbLine
 10
9.144
 20
-14.003553964862185
 30
0.0
 11
9.144
 21
-14.616340157694143
 31
0.0
  0
LINE
  5
421
330
17
100
AcDbEntity
  8
OBSERVED_WELDS
100
AcDbLine
 10
16.764
 20
-11.1252
 30
0.0
 11
16.764
 21
-11.383036014304725
 31
0.0
  0
LINE
  5
422
330
17
100
AcDbEntity
  8
OBSERVED_WELDS
100
AcDbLine
 10
16.764
 20
-11.41219982401699
 30
0.0
 11
16.764
 21
-12.026275658489638
 31
0.0
  0
LINE
  5
423
330
17
100
AcDbEntity
  8
OBSERVED_WELDS
100
AcDbLine
 10
16.764
 20
-12.07754349855011
 30
0.0
 11
16.764
 21
-13.170811575174614
 31
0.0
  0
LINE
  5
424
330
17
100
AcDbEntity
  8
OBSERVED_WELDS
100
AcDbLine
 10
16.4592
 20
4.419600000000001
 30
0.0
 11
16.4592
 21
4.955803566454013
 31
0.0
  0
LINE
  5
425
330
17
100
AcDbEntity
  8
OBSERVED_WELDS
100
AcDbLine
 10
16.4592
 20
4.993319107268015
 30
0.0
 11
16.4592
 21
5.5123237731030175
 31
0.0
  0
LINE
  5
426
330
17
100
AcDbEntity
  8
OBSERVED_WELDS
100
AcDbLine
 10
16.4592
 20
5.551833517724947
 30
0.0
 11
16.4592
 21
5.943600000000001
 31
0.0
  0
LINE
  5
427
330
17
100
AcDbEntity
  8
OBSERVED_WELDS
100
AcDbLine
 10
20.1168
 20
4.419600000000001
 30
0.0
 11
20.1168
 21
4.760055752442828
 31
0.0
  0
LINE
  5
428
330
17
100
AcDbEntity
  8
OBSERVED_WELDS
100
AcDbLine
 10
20.1168
 20
4.794405372375702
 30
0.0
 11
20.1168
 21
5.270911283075632
 31
0.0
  0
LINE
  5
429
330
17
100
AcDbEntity
  8
OBSERVED_WELDS
100
AcDbLine
 10
20.1168
 20
5.306471510093415
 30
0.0
 11
20.1168
 21
5.761664762876875
 31
0.0
  0
LINE
  5
42A
330
17
100
AcDbEntity
  8
OBSERVED_WELDS
100
AcDbLine
 10
-16.4592
 20
4.524415675070385
 30
0.0
 11
-16.4592
 21
5.0268020427034985
 31
0.0
  0
LINE
  5
42B
330
17
100
AcDbEntity
  8
OBSERVED_WELDS
100
AcDbLine
 10
-16.4592
 20
5.063791490449442
 30
0.0
 11
-16.4592
 21
5.600925296603631
 31
0.0
  0
LINE
  5
42C
330
17
100
AcDbEntity
  8
OBSERVED_WELDS
100
AcDbLine
 10
-16.4592
 20
5.645729823122166
 30
0.0
 11
-16.4592
 21
5.943600000000001
 31
0.0
  0
LINE
  5
42D
330
17
100
AcDbEntity
  8
OBSERVED_WELDS
100
AcDbLine
 10
-20.1168
 20
4.419600000000001
 30
0.0
 11
-20.1168
 21
4.78115593439896
 31
0.0
  0
LINE
  5
42E
330
17
100
AcDbEntity
  8
OBSERVED_WELDS
100
AcDbLine
 10
-20.1168
 20
4.820308064386057
 30
0.0
 11
-20.1168
 21
5.390450662120375
 31
0.0
  0
LINE
  5
42F
330
17
100
AcDbEntity
  8
OBSERVED_WELDS
100
AcDbLine
 10
-20.1168
 20
5.436884439930205
 30
0.0
 11
-20.1168
 21
5.943600000000001
 31
0.0
  0
LINE
  5
430
330
17
100
AcDbEntity
  8
OBSERVED_WELDS
100
AcDbLine
 10
19.812
 20
0.8070905725006451
 30
0.0
 11
19.812
 21
1.3343880473108103
 31
0.0
  0
LINE
  5
431
330
17
100
AcDbEntity
  8
OBSERVED_WELDS
100
AcDbLine
 10
19.812
 20
1.3513785175639852
 30
0.0
 11
19.812
 21
1.8888662509958796
 31
0.0
  0
LINE
  5
432
330
17
100
AcDbEntity
  8
OBSERVED_WELDS
100
AcDbLine
 10
19.812
 20
1.908183466531187
 30
0.0
 11
19.812
 21
2.4524968307875117
 31
0.0
  0
LINE
  5
433
330
17
100
AcDbEntity
  8
OBSERVED_WELDS
100
AcDbLine
 10
19.812
 20
2.4742158678591704
 30
0.0
 11
19.812
 21
3.0209704600403393
 31
0.0
  0
LINE
  5
434
330
17
100
AcDbEntity
  8
OBSERVED_WELDS
100
AcDbLine
 10
19.812
 20
3.0452935407376285
 30
0.0
 11
19.812
 21
3.5904158073707775
 31
0.0
  0
LINE
  5
435
330
17
100
AcDbEntity
  8
OBSERVED_WELDS
100
AcDbLine
 10
19.812
 20
3.6171070447323905
 30
0.0
 11
19.812
 21
4.156837901929977
 31
0.0
  0
LINE
  5
436
330
17
100
AcDbEntity
  8
OBSERVED_WELDS
100
AcDbLine
 10
19.812
 20
4.185693340198327
 30
0.0
 11
19.812
 21
4.419600000000001
 31
0.0
  0
LINE
  5
437
330
17
100
AcDbEntity
  8
OBSERVED_WELDS
100
AcDbLine
 10
16.764
 20
0.762
 30
0.0
 11
16.764
 21
1.1447668647968763
 31
0.0
  0
LINE
  5
438
330
17
100
AcDbEntity
  8
OBSERVED_WELDS
100
AcDbLine
 10
16.764
 20
1.170617736598042
 30
0.0
 11
16.764
 21
1.6942265495476199
 31
0.0
  0
LINE
  5
439
330
17
100
AcDbEntity
  8
OBSERVED_WELDS
100
AcDbLine
 10
16.764
 20
1.7220055283263065
 30
0.0
 11
16.764
 21
2.251301891253205
 31
0.0
  0
LINE
  5
43A
330
17
100
AcDbEntity
  8
OBSERVED_WELDS
100
AcDbLine
 10
16.764
 20
2.281504616395617
 30
0.0
 11
16.764
 21
2.8127023639418947
 31
0.0
  0
LINE
  5
43B
330
17
100
AcDbEntity
  8
OBSERVED_WELDS
100
AcDbLine
 10
16.764
 20
2.845278555570144
 30
0.0
 11
16.764
 21
3.374104029014743
 31
0.0
  0
LINE
  5
43C
330
17
100
AcDbEntity
  8
OBSERVED_WELDS
100
AcDbLine
 10
16.764
 20
3.4090457236005234
 30
0.0
 11
16.764
 21
3.9307245870473597
 31
0.0
  0
LINE
  5
43D
330
17
100
AcDbEntity
  8
OBSERVED_WELDS
100
AcDbLine
 10
16.764
 20
3.967932150952343
 30
0.0
 11
16.764
 21
4.419600000000001
 31
0.0
  0
LINE
  5
43E
330
17
100
AcDbEntity
  8
OBSERVED_WELDS
100
AcDbLine
 10
-20.79024361584317
 20
4.419600000000001
 30
0.0
 11
-20.464966342417064
 21
4.419600000000001
 31
0.0
  0
LINE
  5
43F
330
17
100
AcDbEntity
  8
OBSERVED_WELDS
100
AcDbLine
 10
-20.412878669157173
 20
4.419600000000001
 30
0.0
 11
-19.216810943635437
 21
4.419600000000001
 31
0.0
  0
LINE
  5
440
330
17
100
AcDbEntity
  8
OBSERVED_WELDS
100
AcDbLine
 10
-19.151817609489886
 20
4.419600000000001
 30
0.0
 11
-18.895852924541423
 21
4.419600000000001
 31
0.0
  0
LINE
  5
441
330
17
100
AcDbEntity
  8
OBSERVED_WELDS
100
AcDbLine
 10
-18.845331593107897
 20
4.419600000000001
 30
0.0
 11
-17.510239881754938
 21
4.419600000000001
 31
0.0
  0
LINE
  5
442
330
17
100
AcDbEntity
  8
OBSERVED_WELDS
100
AcDbLine
 10
-17.30167353787922
 20
4.419600000000001
 30
0.0
 11
-15.850444412942394
 21
4.419600000000001
 31
0.0
  0
LINE
  5
443
330
17
100
AcDbEntity
  8
OBSERVED_WELDS
100
AcDbLine
 10
15.918637354789421
 20
4.419600000000001
 30
0.0
 11
16.469131842321627
 21
4.419600000000001
 31
0.0
  0
LINE
  5
444
330
17
100
AcDbEntity
  8
OBSERVED_WELDS
100
AcDbLine
 10
16.5451573285594
 20
4.419600000000001
 30
0.0
 11
17.220625687185812
 21
4.419600000000001
 31
0.0
  0
LINE
  5
445
330
17
100
AcDbEntity
  8
OBSERVED_WELDS
100
AcDbLine
 10
17.31815549128189
 20
4.419600000000001
 30
0.0
 11
17.653797365839498
 21
4.419600000000001
 31
0.0
  0
LINE
  5
446
330
17
100
AcDbEntity
  8
OBSERVED_WELDS
100
AcDbLine
 10
17.66509551831886
 20
4.419600000000001
 30
0.0
 11
19.151716631383632
 21
4.419600000000001
 31
0.0
  0
LINE
  5
447
330
17
100
AcDbEntity
  8
OBSERVED_WELDS
100
AcDbLine
 10
19.1521103445542
 20
4.419600000000001
 30
0.0
 11
19.369972502475132
 21
4.419600000000001
 31
0.0
  0
LINE
  5
448
330
17
100
AcDbEntity
  8
OBSERVED_WELDS
100
AcDbLine
 10
19.385967043877937
 20
4.419600000000001
 30
0.0
 11
20.79009254641439
 21
4.419600000000001
 31
0.0
  0
LINE
  5
449
330
17
100
AcDbEntity
  8
OBSERVED_WELDS
100
AcDbLine
 10
-16.764
 20
0.9505329130752959
 30
0.0
 11
-16.764
 21
1.430530667596906
 31
0.0
  0
LINE
  5
44A
330
17
100
AcDbEntity
  8
OBSERVED_WELDS
100
AcDbLine
 10
-16.764
 20
1.4549853189885773
 30
0.0
 11
-16.764
 21
1.9314996774671378
 31
0.0
  0
LINE
  5
44B
330
17
100
AcDbEntity
  8
OBSERVED_WELDS
100
AcDbLine
 10
-16.764
 20
1.9573850083770101
 30
0.0
 11
-16.764
 21
2.4340847822397764
 31
0.0
  0
LINE
  5
44C
330
17
100
AcDbEntity
  8
OBSERVED_WELDS
100
AcDbLine
 10
-16.764
 20
2.46190069958928
 30
0.0
 11
-16.764
 21
2.9425185700063383
 31
0.0
  0
LINE
  5
44D
330
17
100
AcDbEntity
  8
OBSERVED_WELDS
100
AcDbLine
 10
-16.764
 20
2.9727418357823012
 30
0.0
 11
-16.764
 21
3.4619271921077455
 31
0.0
  0
LINE
  5
44E
330
17
100
AcDbEntity
  8
OBSERVED_WELDS
100
AcDbLine
 10
-16.764
 20
3.495206954577084
 30
0.0
 11
-16.764
 21
3.9986288422640834
 31
0.0
  0
LINE
  5
44F
330
17
100
AcDbEntity
  8
OBSERVED_WELDS
100
AcDbLine
 10
-16.764
 20
4.035887674672221
 30
0.0
 11
-16.764
 21
4.419600000000001
 31
0.0
  0
LINE
  5
450
330
17
100
AcDbEntity
  8
OBSERVED_WELDS
100
AcDbLine
 10
-19.812
 20
0.762
 30
0.0
 11
-19.812
 21
1.2314617232342033
 31
0.0
  0
LINE
  5
451
330
17
100
AcDbEntity
  8
OBSERVED_WELDS
100
AcDbLine
 10
-19.812
 20
1.2462536651497889
 30
0.0
 11
-19.812
 21
1.7167008258186778
 31
0.0
  0
LINE
  5
452
330
17
100
AcDbEntity
  8
OBSERVED_WELDS
100
AcDbLine
 10
-19.812
 20
1.7327764688717664
 30
0.0
 11
-19.812
 21
2.199068854991382
 31
0.0
  0
LINE
  5
453
330
17
100
AcDbEntity
  8
OBSERVED_WELDS
100
AcDbLine
 10
-19.812
 20
2.216727713183555
 30
0.0
 11
-19.812
 21
2.681825274419065
 31
0.0
  0
LINE
  5
454
330
17
100
AcDbEntity
  8
OBSERVED_WELDS
100
AcDbLine
 10
-19.812
 20
2.701273600150328
 30
0.0
 11
-19.812
 21
3.1681586305511873
 31
0.0
  0
LINE
  5
455
330
17
100
AcDbEntity
  8
OBSERVED_WELDS
100
AcDbLine
 10
-19.812
 20
3.1896176195457175
 30
0.0
 11
-19.812
 21
3.661620203136296
 31
0.0
  0
LINE
  5
456
330
17
100
AcDbEntity
  8
OBSERVED_WELDS
100
AcDbLine
 10
-19.812
 20
3.685324781372868
 30
0.0
 11
-19.812
 21
4.165940170142157
 31
0.0
  0
LINE
  5
457
330
17
100
AcDbEntity
  8
OBSERVED_WELDS
100
AcDbLine
 10
-19.812
 20
4.192228991486523
 30
0.0
 11
-19.812
 21
4.419600000000001
 31
0.0
  0
LINE
  5
458
330
17
100
AcDbEntity
  8
OBSERVED_WELDS
100
AcDbLine
 10
15.240000000000002
 20
6.34491406447225
 30
0.0
 11
15.240000000000002
 21
7.240238793936905
 31
0.0
  0
LINE
  5
459
330
17
100
AcDbEntity
  8
OBSERVED_WELDS
100
AcDbLine
 10
15.240000000000002
 20
7.278452671800405
 30
0.0
 11
15.240000000000002
 21
7.91548537012011
 31
0.0
  0
LINE
  5
45A
330
17
100
AcDbEntity
  8
OBSERVED_WELDS
100
AcDbLine
 10
15.240000000000002
 20
7.956466850335967
 30
0.0
 11
15.240000000000002
 21
8.500432619284645
 31
0.0
  0
LINE
  5
45B
330
17
100
AcDbEntity
  8
OBSERVED_WELDS
100
AcDbLine
 10
15.240000000000002
 20
8.542279831810234
 30
0.0
 11
15.240000000000002
 21
9.010576120133967
 31
0.0
  0
LINE
  5
45C
330
17
100
AcDbEntity
  8
OBSERVED_WELDS
100
AcDbLine
 10
15.240000000000002
 20
9.052578550238108
 30
0.0
 11
15.240000000000002
 21
9.440736916100768
 31
0.0
  0
LINE
  5
45D
330
17
100
AcDbEntity
  8
OBSERVED_WELDS
100
AcDbLine
 10
18.288
 20
0.762
 30
0.0
 11
18.288
 21
0.9501966552660869
 31
0.0
  0
LINE
  5
45E
330
17
100
AcDbEntity
  8
OBSERVED_WELDS
100
AcDbLine
 10
18.288
 20
0.9705210781684992
 30
0.0
 11
18.288
 21
1.4953407194547435
 31
0.0
  0
LINE
  5
45F
330
17
100
AcDbEntity
  8
OBSERVED_WELDS
100
AcDbLine
 10
18.288
 20
1.517604195876144
 30
0.0
 11
18.288
 21
2.050599675648896
 31
0.0
  0
LINE
  5
460
330
17
100
AcDbEntity
  8
OBSERVED_WELDS
100
AcDbLine
 10
18.288
 20
2.0751260415329957
 30
0.0
 11
18.288
 21
2.6127885049077957
 31
0.0
  0
LINE
  5
461
330
17
100
AcDbEntity
  8
OBSERVED_WELDS
100
AcDbLine
 10
18.288
 20
2.639585861298011
 30
0.0
 11
18.288
 21
3.1777462258876055
 31
0.0
  0
LINE
  5
462
330
17
100
AcDbEntity
  8
OBSERVED_WELDS
100
AcDbLine
 10
18.288
 20
3.206961206743976
 30
0.0
 11
18.288
 21
3.741368804367708
 31
0.0
  0
LINE
  5
463
330
17
100
AcDbEntity
  8
OBSERVED_WELDS
100
AcDbLine
 10
18.288
 20
3.773019180341825
 30
0.0
 11
18.288
 21
4.2993272533261715
 31
0.0
  0
LINE
  5
464
330
17
100
AcDbEntity
  8
OBSERVED_WELDS
100
AcDbLine
 10
-18.288
 20
0.762
 30
0.0
 11
-18.288
 21
1.0967650693972824
 31
0.0
  0
LINE
  5
465
330
17
100
AcDbEntity
  8
OBSERVED_WELDS
100
AcDbLine
 10
-18.288
 20
1.115833000728252
 30
0.0
 11
-18.288
 21
1.5911401134188714
 31
0.0
  0
LINE
  5
466
330
17
100
AcDbEntity
  8
OBSERVED_WELDS
100
AcDbLine
 10
-18.288
 20
1.6113092021211097
 30
0.0
 11
-18.288
 21
2.0829169905473943
 31
0.0
  0
LINE
  5
467
330
17
100
AcDbEntity
  8
OBSERVED_WELDS
100
AcDbLine
 10
-18.288
 20
2.1045500540294344
 30
0.0
 11
-18.288
 21
2.575468336088764
 31
0.0
  0
LINE
  5
468
330
17
100
AcDbEntity
  8
OBSERVED_WELDS
100
AcDbLine
 10
-18.288
 20
2.5988854155648236
 30
0.0
 11
-18.288
 21
3.0728736526724236
 31
0.0
  0
LINE
  5
469
330
17
100
AcDbEntity
  8
OBSERVED_WELDS
100
AcDbLine
 10
-18.288
 20
3.0984547151413566
 30
0.0
 11
-18.288
 21
3.5789296704387006
 31
0.0
  0
LINE
  5
46A
330
17
100
AcDbEntity
  8
OBSERVED_WELDS
100
AcDbLine
 10
-18.288
 20
3.607065606524403
 30
0.0
 11
-18.288
 21
4.098686241751015
 31
0.0
  0
LINE
  5
46B
330
17
100
AcDbEntity
  8
OBSERVED_WELDS
100
AcDbLine
 10
-18.288
 20
4.1299502201145035
 30
0.0
 11
-18.288
 21
4.419600000000001
 31
0.0
  0
LINE
  5
46C
330
17
100
AcDbEntity
  8
OBSERVED_WELDS
100
AcDbLine
 10
10.668
 20
12.532463746353985
 30
0.0
 11
10.668
 21
13.811918797586463
 31
0.0
  0
LINE
  5
46D
330
17
100
AcDbEntity
  8
OBSERVED_WELDS
100
AcDbLine
 10
10.668
 20
13.86314365608305
 30
0.0
 11
10.668
 21
14.338305541690332
 31
0.0
  0
LINE
  5
46E
330
17
100
AcDbEntity
  8
OBSERVED_WELDS
100
AcDbLine
 10
10.668
 20
14.379305066933547
 30
0.0
 11
10.668
 21
14.782800000000002
 31
0.0
  0
LINE
  5
46F
330
17
100
AcDbEntity
  8
OBSERVED_WELDS
100
AcDbLine
 10
-18.11123309199425
 20
11.1252
 30
0.0
 11
-17.913090409561644
 21
11.1252
 31
0.0
  0
LINE
  5
470
330
17
100
AcDbEntity
  8
OBSERVED_WELDS
100
AcDbLine
 10
-17.877424610062114
 20
11.1252
 30
0.0
 11
-17.350087486262964
 21
11.1252
 31
0.0
  0
LINE
  5
471
330
17
100
AcDbEntity
  8
OBSERVED_WELDS
100
AcDbLine
 10
-17.300023053084917
 20
11.1252
 30
0.0
 11
-16.084915985473625
 21
11.1252
 31
0.0
  0
LINE
  5
472
330
17
100
AcDbEntity
  8
OBSERVED_WELDS
100
AcDbLine
 10
-16.048825159546965
 20
11.1252
 30
0.0
 11
-15.608382834918375
 21
11.1252
 31
0.0
  0
LINE
  5
473
330
17
100
AcDbEntity
  8
OBSERVED_WELDS
100
AcDbLine
 10
-15.562019257824824
 20
11.1252
 30
0.0
 11
-14.211338280577811
 21
11.1252
 31
0.0
  0
LINE
  5
474
330
17
100
AcDbEntity
  8
OBSERVED_WELDS
100
AcDbLine
 10
-14.174829825240373
 20
11.1252
 30
0.0
 11
-13.82239480560811
 21
11.1252
 31
0.0
  0
LINE
  5
475
330
17
100
AcDbEntity
  8
OBSERVED_WELDS
100
AcDbLine
 10
-13.777914229682972
 20
11.1252
 30
0.0
 11
-13.189489800941512
 21
11.1252
 31
0.0
  0
LINE
  5
476
330
17
100
AcDbEntity
  8
OBSERVED_WELDS
100
AcDbLine
 10
-13.132361773652356
 20
11.1252
 30
0.0
 11
-12.125118597195563
 21
11.1252
 31
0.0
  0
LINE
  5
477
330
17
100
AcDbEntity
  8
OBSERVED_WELDS
100
AcDbLine
 10
12.227362424639013
 20
11.1252
 30
0.0
 11
12.60398060979843
 21
11.1252
 31
0.0
  0
LINE
  5
478
330
17
100
AcDbEntity
  8
OBSERVED_WELDS
100
AcDbLine
 10
12.627745846548834
 20
11.1252
 30
0.0
 11
13.235852509019068
 21
11.1252
 31
0.0
  0
LINE
  5
479
330
17
100
AcDbEntity
  8
OBSERVED_WELDS
100
AcDbLine
 10
13.301334425522754
 20
11.1252
 30
0.0
 11
14.219954068458161
 21
11.1252
 31
0.0
  0
LINE
  5
47A
330
17
100
AcDbEntity
  8
OBSERVED_WELDS
100
AcDbLine
 10
14.274235662594124
 20
11.1252
 30
0.0
 11
14.634396813419318
 21
11.1252
 31
0.0
  0
LINE
  5
47B
330
17
100
AcDbEntity
  8
OBSERVED_WELDS
100
AcDbLine
 10
14.655174084957169
 20
11.1252
 30
0.0
 11
15.294135505248395
 21
11.1252
 31
0.0
  0
LINE
  5
47C
330
17
100
AcDbEntity
  8
OBSERVED_WELDS
100
AcDbLine
 10
15.364872045265582
 20
11.1252
 30
0.0
 11
16.195696551182596
 21
11.1252
 31
0.0
  0
LINE
  5
47D
330
17
100
AcDbEntity
  8
OBSERVED_WELDS
100
AcDbLine
 10
16.22405480669575
 20
11.1252
 30
0.0
 11
16.568961759416805
 21
11.1252
 31
0.0
  0
LINE
  5
47E
330
17
100
AcDbEntity
  8
OBSERVED_WELDS
100
AcDbLine
 10
16.587269796997344
 20
11.1252
 30
0.0
 11
17.253212016818136
 21
11.1252
 31
0.0
  0
LINE
  5
47F
330
17
100
AcDbEntity
  8
OBSERVED_WELDS
100
AcDbLine
 10
17.3295097316167
 20
11.1252
 30
0.0
 11
18.028713283569996
 21
11.1252
 31
0.0
  0
LINE
  5
480
330
17
100
AcDbEntity
  8
OBSERVED_WELDS
100
AcDbLine
 10
-18.962667406755873
 20
9.601200000000002
 30
0.0
 11
-18.68500897449552
 21
9.601200000000002
 31
0.0
  0
LINE
  5
481
330
17
100
AcDbEntity
  8
OBSERVED_WELDS
100
AcDbLine
 10
-18.645846682074907
 20
9.601200000000002
 30
0.0
 11
-17.908120036672493
 21
9.601200000000002
 31
0.0
  0
LINE
  5
482
330
17
100
AcDbEntity
  8
OBSERVED_WELDS
100
AcDbLine
 10
-17.81807307443716
 20
9.601200000000002
 30
0.0
 11
-17.33681845826836
 21
9.601200000000002
 31
0.0
  0
LINE
  5
483
330
17
100
AcDbEntity
  8
OBSERVED_WELDS
100
AcDbLine
 10
-17.150653085060462
 20
9.601200000000002
 30
0.0
 11
-16.940372953081752
 21
9.601200000000002
 31
0.0
  0
LINE
  5
484
330
17
100
AcDbEntity
  8
OBSERVED_WELDS
100
AcDbLine
 10
-16.90085666612805
 20
9.601200000000002
 30
0.0
 11
-16.325443630594204
 21
9.601200000000002
 31
0.0
  0
LINE
  5
485
330
17
100
AcDbEntity
  8
OBSERVED_WELDS
100
AcDbLine
 10
-16.26457880011313
 20
9.601200000000002
 30
0.0
 11
-15.179234381723276
 21
9.601200000000002
 31
0.0
  0
LINE
  5
486
330
17
100
AcDbEntity
  8
OBSERVED_WELDS
100
AcDbLine
 10
-15.139605014047568
 20
9.601200000000002
 30
0.0
 11
-14.685449046314496
 21
9.601200000000002
 31
0.0
  0
LINE
  5
487
330
17
100
AcDbEntity
  8
OBSERVED_WELDS
100
AcDbLine
 10
-14.63256732469853
 20
9.601200000000002
 30
0.0
 11
-13.365681766031011
 21
9.601200000000002
 31
0.0
  0
LINE
  5
488
330
17
100
AcDbEntity
  8
OBSERVED_WELDS
100
AcDbLine
 10
13.519341192002269
 20
9.601200000000002
 30
0.0
 11
13.961312898851293
 21
9.601200000000002
 31
0.0
  0
LINE
  5
489
330
17
100
AcDbEntity
  8
OBSERVED_WELDS
100
AcDbLine
 10
13.996109690924438
 20
9.601200000000002
 30
0.0
 11
15.449073346328307
 21
9.601200000000002
 31
0.0
  0
LINE
  5
48A
330
17
100
AcDbEntity
  8
OBSERVED_WELDS
100
AcDbLine
 10
15.458173469953852
 20
9.601200000000002
 30
0.0
 11
15.937744489911697
 21
9.601200000000002
 31
0.0
  0
LINE
  5
48B
330
17
100
AcDbEntity
  8
OBSERVED_WELDS
100
AcDbLine
 10
15.97655885433173
 20
9.601200000000002
 30
0.0
 11
17.150382068523275
 21
9.601200000000002
 31
0.0
  0
LINE
  5
48C
330
17
100
AcDbEntity
  8
OBSERVED_WELDS
100
AcDbLine
 10
17.321500112898132
 20
9.601200000000002
 30
0.0
 11
17.83409038634608
 21
9.601200000000002
 31
0.0
  0
LINE
  5
48D
330
17
100
AcDbEntity
  8
OBSERVED_WELDS
100
AcDbLine
 10
17.876491616199605
 20
9.601200000000002
 30
0.0
 11
18.96254012409572
 21
9.601200000000002
 31
0.0
  0
LINE
  5
48E
330
17
100
AcDbEntity
  8
OBSERVED_WELDS
100
AcDbLine
 10
-12.8016
 20
10.339389275025363
 30
0.0
 11
-12.8016
 21
10.531359422696353
 31
0.0
  0
LINE
  5
48F
330
17
100
AcDbEntity
  8
OBSERVED_WELDS
100
AcDbLine
 10
-12.8016
 20
10.540406878864372
 30
0.0
 11
-12.8016
 21
10.934053124576437
 31
0.0
  0
LINE
  5
490
330
17
100
AcDbEntity
  8
OBSERVED_WELDS
100
AcDbLine
 10
-13.716
 20
11.1252
 30
0.0
 11
-13.716
 21
11.958806984957276
 31
0.0
  0
LINE
  5
491
330
17
100
AcDbEntity
  8
OBSERVED_WELDS
100
AcDbLine
 10
-13.716
 20
11.968455169168132
 30
0.0
 11
-13.716
 21
12.376613586928032
 31
0.0
  0
LINE
  5
492
330
17
100
AcDbEntity
  8
OBSERVED_WELDS
100
AcDbLine
 10
-13.716
 20
12.400698991040661
 30
0.0
 11
-13.716
 21
12.980769592354399
 31
0.0
  0
LINE
  5
493
330
17
100
AcDbEntity
  8
OBSERVED_WELDS
100
AcDbLine
 10
-13.716
 20
13.031509817397382
 30
0.0
 11
-13.716
 21
14.079745198918484
 31
0.0
  0
LINE
  5
494
330
17
100
AcDbEntity
  8
OBSERVED_WELDS
100
AcDbLine
 10
-13.716
 20
14.119094796968021
 30
0.0
 11
-13.716
 21
14.458162681723408
 31
0.0
  0
LINE
  5
495
330
17
100
AcDbEntity
  8
OBSERVED_WELDS
100
AcDbLine
 10
-13.716
 20
14.473890164886308
 30
0.0
 11
-13.716
 21
14.782800000000002
 31
0.0
  0
LINE
  5
496
330
17
100
AcDbEntity
  8
OBSERVED_WELDS
100
AcDbLine
 10
15.240000000000002
 20
11.1252
 30
0.0
 11
15.240000000000002
 21
11.636259014755352
 31
0.0
  0
LINE
  5
497
330
17
100
AcDbEntity
  8
OBSERVED_WELDS
100
AcDbLine
 10
15.240000000000002
 20
11.675820027979105
 30
0.0
 11
15.240000000000002
 21
12.100431840815768
 31
0.0
  0
LINE
  5
498
330
17
100
AcDbEntity
  8
OBSERVED_WELDS
100
AcDbLine
 10
15.240000000000002
 20
12.137825738209775
 30
0.0
 11
15.240000000000002
 21
12.411711636332496
 31
0.0
  0
LINE
  5
499
330
17
100
AcDbEntity
  8
OBSERVED_WELDS
100
AcDbLine
 10
15.240000000000002
 20
12.417416898585625
 30
0.0
 11
15.240000000000002
 21
13.55932506604368
 31
0.0
  0
LINE
  5
49A
330
17
100
AcDbEntity
  8
OBSERVED_WELDS
100
AcDbLine
 10
15.240000000000002
 20
13.601189084220781
 30
0.0
 11
15.240000000000002
 21
14.174702581594737
 31
0.0
  0
LINE
  5
49B
330
17
100
AcDbEntity
  8
OBSERVED_WELDS
100
AcDbLine
 10
15.240000000000002
 20
14.21194119474149
 30
0.0
 11
15.240000000000002
 21
14.618011099159121
 31
0.0
  0
LINE
  5
49C
330
17
100
AcDbEntity
  8
OBSERVED_WELDS
100
AcDbLine
 10
13.716
 20
11.311093196816628
 30
0.0
 11
13.716
 21
11.661030681363432
 31
0.0
  0
LINE
  5
49D
330
17
100
AcDbEntity
  8
OBSERVED_WELDS
100
AcDbLine
 10
13.716
 20
11.699665887928225
 30
0.0
 11
13.716
 21
12.462191774880873
 31
0.0
  0
LINE
  5
49E
330
17
100
AcDbEntity
  8
OBSERVED_WELDS
100
AcDbLine
 10
13.716
 20
12.515398693495296
 30
0.0
 11
13.716
 21
13.228715729528071
 31
0.0
  0
LINE
  5
49F
330
17
100
AcDbEntity
  8
OBSERVED_WELDS
100
AcDbLine
 10
13.716
 20
13.271373473411954
 30
0.0
 11
13.716
 21
13.740538656970834
 31
0.0
  0
LINE
  5
4A0
330
17
100
AcDbEntity
  8
OBSERVED_WELDS
100
AcDbLine
 10
13.716
 20
13.7785204182129
 30
0.0
 11
13.716
 21
14.07754983810663
 31
0.0
  0
LINE
  5
4A1
330
17
100
AcDbEntity
  8
OBSERVED_WELDS
100
AcDbLine
 10
13.716
 20
14.078513645057837
 30
0.0
 11
13.716
 21
14.782800000000002
 31
0.0
  0
LINE
  5
4A2
330
17
100
AcDbEntity
  8
OBSERVED_WELDS
100
AcDbLine
 10
-12.192
 20
11.312842410366958
 30
0.0
 11
-12.192
 21
11.741620943226003
 31
0.0
  0
LINE
  5
4A3
330
17
100
AcDbEntity
  8
OBSERVED_WELDS
100
AcDbLine
 10
-12.192
 20
11.77126317145558
 30
0.0
 11
-12.192
 21
12.42225077246741
 31
0.0
  0
LINE
  5
4A4
330
17
100
AcDbEntity
  8
OBSERVED_WELDS
100
AcDbLine
 10
-12.192
 20
12.496826282648732
 30
0.0
 11
-12.192
 21
13.316653114252317
 31
0.0
  0
LINE
  5
4A5
330
17
100
AcDbEntity
  8
OBSERVED_WELDS
100
AcDbLine
 10
-12.192
 20
13.442613777075087
 30
0.0
 11
-12.192
 21
13.831472392547258
 31
0.0
  0
LINE
  5
4A6
330
17
100
AcDbEntity
  8
OBSERVED_WELDS
100
AcDbLine
 10
-12.192
 20
13.854739332886433
 30
0.0
 11
-12.192
 21
14.48805908797259
 31
0.0
  0
LINE
  5
4A7
330
17
100
AcDbEntity
  8
OBSERVED_WELDS
100
AcDbLine
 10
-12.192
 20
14.553623896825387
 30
0.0
 11
-12.192
 21
14.782800000000002
 31
0.0
  0
LINE
  5
4A8
330
17
100
AcDbEntity
  8
OBSERVED_WELDS
100
AcDbLine
 10
-10.668
 20
12.528951883004401
 30
0.0
 11
-10.668
 21
12.72478989739821
 31
0.0
  0
LINE
  5
4A9
330
17
100
AcDbEntity
  8
OBSERVED_WELDS
100
AcDbLine
 10
-10.668
 20
12.735634515587801
 30
0.0
 11
-10.668
 21
13.179967515579165
 31
0.0
  0
LINE
  5
4AA
330
17
100
AcDbEntity
  8
OBSERVED_WELDS
100
AcDbLine
 10
-10.668
 20
13.21371328468476
 30
0.0
 11
-10.668
 21
14.73151127403564
 31
0.0
  0
LINE
  5
4AB
330
17
100
AcDbEntity
  8
OBSERVED_WELDS
100
AcDbLine
 10
12.192
 20
11.1252
 30
0.0
 11
12.192
 21
12.304220160437021
 31
0.0
  0
LINE
  5
4AC
330
17
100
AcDbEntity
  8
OBSERVED_WELDS
100
AcDbLine
 10
12.192
 20
12.353869976895352
 30
0.0
 11
12.192
 21
12.879755894185044
 31
0.0
  0
LINE
  5
4AD
330
17
100
AcDbEntity
  8
OBSERVED_WELDS
100
AcDbLine
 10
12.192
 20
12.922815788524217
 30
0.0
 11
12.192
 21
13.267881746573439
 31
0.0
  0
LINE
  5
4AE
330
17
100
AcDbEntity
  8
OBSERVED_WELDS
100
AcDbLine
 10
12.192
 20
13.365588588648091
 30
0.0
 11
12.192
 21
13.846405506841752
 31
0.0
  0
LINE
  5
4AF
330
17
100
AcDbEntity
  8
OBSERVED_WELDS
100
AcDbLine
 10
12.192
 20
13.924450416542337
 30
0.0
 11
12.192
 21
14.73310451422607
 31
0.0
  0
LINE
  5
4B0
330
17
100
AcDbEntity
  8
OBSERVED_WELDS
100
AcDbLine
 10
-15.240000000000002
 20
11.1252
 30
0.0
 11
-15.240000000000002
 21
11.495962350529888
 31
0.0
  0
LINE
  5
4B1
330
17
100
AcDbEntity
  8
OBSERVED_WELDS
100
AcDbLine
 10
-15.240000000000002
 20
11.559727863313498
 30
0.0
 11
-15.240000000000002
 21
12.579872807260577
 31
0.0
  0
LINE
  5
4B2
330
17
100
AcDbEntity
  8
OBSERVED_WELDS
100
AcDbLine
 10
-15.240000000000002
 20
12.586792879409003
 30
0.0
 11
-15.240000000000002
 21
12.97118601698562
 31
0.0
  0
LINE
  5
4B3
330
17
100
AcDbEntity
  8
OBSERVED_WELDS
100
AcDbLine
 10
-15.240000000000002
 20
12.990589417144538
 30
0.0
 11
-15.240000000000002
 21
13.51558688376387
 31
0.0
  0
LINE
  5
4B4
330
17
100
AcDbEntity
  8
OBSERVED_WELDS
100
AcDbLine
 10
-15.240000000000002
 20
13.552801595318579
 30
0.0
 11
-15.240000000000002
 21
14.782800000000002
 31
0.0
  0
LINE
  5
4B5
330
17
100
AcDbEntity
  8
OBSERVED_WELDS
100
AcDbLine
 10
12.8016
 20
10.343171797264748
 30
0.0
 11
12.8016
 21
11.1252
 31
0.0
  0
LINE
  5
4B6
330
17
100
AcDbEntity
  8
OBSERVED_WELDS
100
AcDbLine
 10
19.812
 20
-0.762
 30
0.0
 11
19.812
 21
-1.2314617232342056
 31
0.0
  0
LINE
  5
4B7
330
17
100
AcDbEntity
  8
OBSERVED_WELDS
100
AcDbLine
 10
19.812
 20
-1.246253665149791
 30
0.0
 11
19.812
 21
-1.7167008258186802
 31
0.0
  0
LINE
  5
4B8
330
17
100
AcDbEntity
  8
OBSERVED_WELDS
100
AcDbLine
 10
19.812
 20
-1.7327764688717664
 30
0.0
 11
19.812
 21
-2.199068854991383
 31
0.0
  0
LINE
  5
4B9
330
17
100
AcDbEntity
  8
OBSERVED_WELDS
100
AcDbLine
 10
19.812
 20
-2.216727713183555
 30
0.0
 11
19.812
 21
-2.681825274419066
 31
0.0
  0
LINE
  5
4BA
330
17
100
AcDbEntity
  8
OBSERVED_WELDS
100
AcDbLine
 10
19.812
 20
-2.701273600150331
 30
0.0
 11
19.812
 21
-3.16815863055119
 31
0.0
  0
LINE
  5
4BB
330
17
100
AcDbEntity
  8
OBSERVED_WELDS
100
AcDbLine
 10
19.812
 20
-3.1896176195457198
 30
0.0
 11
19.812
 21
-3.6616202031362985
 31
0.0
  0
LINE
  5
4BC
330
17
100
AcDbEntity
  8
OBSERVED_WELDS
100
AcDbLine
 10
19.812
 20
-3.685324781372869
 30
0.0
 11
19.812
 21
-4.165940170142159
 31
0.0
  0
LINE
  5
4BD
330
17
100
AcDbEntity
  8
OBSERVED_WELDS
100
AcDbLine
 10
19.812
 20
-4.192228991486525
 30
0.0
 11
19.812
 21
-4.419600000000001
 31
0.0
  0
LINE
  5
4BE
330
17
100
AcDbEntity
  8
OBSERVED_WELDS
100
AcDbLine
 10
18.288
 20
-0.762
 30
0.0
 11
18.288
 21
-1.09676506939728
 31
0.0
  0
LINE
  5
4BF
330
17
100
AcDbEntity
  8
OBSERVED_WELDS
100
AcDbLine
 10
18.288
 20
-1.115833000728254
 30
0.0
 11
18.288
 21
-1.591140113418873
 31
0.0
  0
LINE
  5
4C0
330
17
100
AcDbEntity
  8
OBSERVED_WELDS
100
AcDbLine
 10
18.288
 20
-1.611309202121112
 30
0.0
 11
18.288
 21
-2.082916990547396
 31
0.0
  0
LINE
  5
4C1
330
17
100
AcDbEntity
  8
OBSERVED_WELDS
100
AcDbLine
 10
18.288
 20
-2.104550054029436
 30
0.0
 11
18.288
 21
-2.575468336088766
 31
0.0
  0
LINE
  5
4C2
330
17
100
AcDbEntity
  8
OBSERVED_WELDS
100
AcDbLine
 10
18.288
 20
-2.598885415564826
 30
0.0
 11
18.288
 21
-3.072873652672426
 31
0.0
  0
LINE
  5
4C3
330
17
100
AcDbEntity
  8
OBSERVED_WELDS
100
AcDbLine
 10
18.288
 20
-3.0984547151413597
 30
0.0
 11
18.288
 21
-3.5789296704387024
 31
0.0
  0
LINE
  5
4C4
330
17
100
AcDbEntity
  8
OBSERVED_WELDS
100
AcDbLine
 10
18.288
 20
-3.6070656065244053
 30
0.0
 11
18.288
 21
-4.098686241751017
 31
0.0
  0
LINE
  5
4C5
330
17
100
AcDbEntity
  8
OBSERVED_WELDS
100
AcDbLine
 10
18.288
 20
-4.129950220114505
 30
0.0
 11
18.288
 21
-4.419600000000001
 31
0.0
  0
LINE
  5
4C6
330
17
100
AcDbEntity
  8
OBSERVED_WELDS
100
AcDbLine
 10
16.764
 20
-0.9505329130752953
 30
0.0
 11
16.764
 21
-1.4305306675969054
 31
0.0
  0
LINE
  5
4C7
330
17
100
AcDbEntity
  8
OBSERVED_WELDS
100
AcDbLine
 10
16.764
 20
-1.4549853189885789
 30
0.0
 11
16.764
 21
-1.9314996774671398
 31
0.0
  0
LINE
  5
4C8
330
17
100
AcDbEntity
  8
OBSERVED_WELDS
100
AcDbLine
 10
16.764
 20
-1.9573850083770123
 30
0.0
 11
16.764
 21
-2.434084782239778
 31
0.0
  0
LINE
  5
4C9
330
17
100
AcDbEntity
  8
OBSERVED_WELDS
100
AcDbLine
 10
16.764
 20
-2.461900699589253
 30
0.0
 11
16.764
 21
-2.942518570006311
 31
0.0
  0
LINE
  5
4CA
330
17
100
AcDbEntity
  8
OBSERVED_WELDS
100
AcDbLine
 10
16.764
 20
-2.9727418357823034
 30
0.0
 11
16.764
 21
-3.4619271921077464
 31
0.0
  0
LINE
  5
4CB
330
17
100
AcDbEntity
  8
OBSERVED_WELDS
100
AcDbLine
 10
16.764
 20
-3.495206954577117
 30
0.0
 11
16.764
 21
-3.998628842264117
 31
0.0
  0
LINE
  5
4CC
330
17
100
AcDbEntity
  8
OBSERVED_WELDS
100
AcDbLine
 10
16.764
 20
-4.035887674672224
 30
0.0
 11
16.764
 21
-4.419600000000001
 31
0.0
  0
LINE
  5
4CD
330
17
100
AcDbEntity
  8
PREDICTED_WELDS_HIGH
100
AcDbLine
 10
-21.271493444656894
 20
-8.327043380982339
 30
0.0
 11
-21.271493444656894
 21
-3.27200264429124
 31
0.0
  0
LINE
  5
4CE
330
17
100
AcDbEntity
  8
PREDICTED_WELDS_HIGH
100
AcDbLine
 10
-21.271493444656894
 20
3.348006532898609
 30
0.0
 11
-21.271493444656894
 21
8.327043380982339
 31
0.0
  0
LINE
  5
4CF
330
17
100
AcDbEntity
  8
PREDICTED_WELDS_HIGH
100
AcDbLine
 10
-20.1168
 20
-10.81217840438747
 30
0.0
 11
-20.1168
 21
-5.761664762876886
 31
0.0
  0
LINE
  5
4D0
330
17
100
AcDbEntity
  8
PREDICTED_WELDS_HIGH
100
AcDbLine
 10
-20.1168
 20
-4.419600000000001
 30
0.0
 11
-20.1168
 21
-0.762
 31
0.0
  0
LINE
  5
4D1
330
17
100
AcDbEntity
  8
PREDICTED_WELDS_HIGH
100
AcDbLine
 10
-20.1168
 20
0.762
 30
0.0
 11
-20.1168
 21
4.419600000000001
 31
0.0
  0
LINE
  5
4D2
330
17
100
AcDbEntity
  8
PREDICTED_WELDS_HIGH
100
AcDbLine
 10
-20.1168
 20
5.943600000000001
 30
0.0
 11
-20.1168
 21
10.81217840438747
 31
0.0
  0
LINE
  5
4D3
330
17
100
AcDbEntity
  8
PREDICTED_WELDS_HIGH
100
AcDbLine
 10
-19.812
 20
-11.358851714886972
 30
0.0
 11
-19.812
 21
-7.923255739468986
 31
0.0
  0
LINE
  5
4D4
330
17
100
AcDbEntity
  8
PREDICTED_WELDS_HIGH
100
AcDbLine
 10
-19.812
 20
-5.943600000000001
 30
0.0
 11
-19.812
 21
-4.419600000000001
 31
0.0
  0
LINE
  5
4D5
330
17
100
AcDbEntity
  8
PREDICTED_WELDS_HIGH
100
AcDbLine
 10
-19.812
 20
-0.807090572500639
 30
0.0
 11
-19.812
 21
0.762
 31
0.0
  0
LINE
  5
4D6
330
17
100
AcDbEntity
  8
PREDICTED_WELDS_HIGH
100
AcDbLine
 10
-19.812
 20
4.419600000000001
 30
0.0
 11
-19.812
 21
11.358851714886972
 31
0.0
  0
LINE
  5
4D7
330
17
100
AcDbEntity
  8
PREDICTED_WELDS_HIGH
100
AcDbLine
 10
-18.287999999999997
 20
-13.670280000000002
 30
0.0
 11
-18.287999999999997
 21
-9.601200000000002
 31
0.0
  0
LINE
  5
4D8
330
17
100
AcDbEntity
  8
PREDICTED_WELDS_HIGH
100
AcDbLine
 10
-18.287999999999997
 20
-5.943600000000001
 30
0.0
 11
-18.287999999999997
 21
-4.299327253326187
 31
0.0
  0
LINE
  5
4D9
330
17
100
AcDbEntity
  8
PREDICTED_WELDS_HIGH
100
AcDbLine
 10
-18.287999999999997
 20
-0.762
 30
0.0
 11
-18.287999999999997
 21
0.762
 31
0.0
  0
LINE
  5
4DA
330
17
100
AcDbEntity
  8
PREDICTED_WELDS_HIGH
100
AcDbLine
 10
-18.287999999999997
 20
4.419600000000001
 30
0.0
 11
-18.287999999999997
 21
5.943600000000001
 31
0.0
  0
LINE
  5
4DB
330
17
100
AcDbEntity
  8
PREDICTED_WELDS_HIGH
100
AcDbLine
 10
-18.287999999999997
 20
9.601200000000002
 30
0.0
 11
-18.287999999999997
 21
13.670280000000002
 31
0.0
  0
LINE
  5
4DC
330
17
100
AcDbEntity
  8
PREDICTED_WELDS_HIGH
100
AcDbLine
 10
-16.763999999999992
 20
-15.496091477430815
 30
0.0
 11
-16.763999999999992
 21
-13.224390179881798
 31
0.0
  0
LINE
  5
4DD
330
17
100
AcDbEntity
  8
PREDICTED_WELDS_HIGH
100
AcDbLine
 10
-16.763999999999992
 20
-11.1252
 30
0.0
 11
-16.763999999999992
 21
-9.601200000000002
 31
0.0
  0
LINE
  5
4DE
330
17
100
AcDbEntity
  8
PREDICTED_WELDS_HIGH
100
AcDbLine
 10
-16.763999999999992
 20
-6.039216414359012
 30
0.0
 11
-16.763999999999992
 21
-4.419600000000001
 31
0.0
  0
LINE
  5
4DF
330
17
100
AcDbEntity
  8
PREDICTED_WELDS_HIGH
100
AcDbLine
 10
-16.763999999999992
 20
-0.762
 30
0.0
 11
-16.763999999999992
 21
0.9505329130752959
 31
0.0
  0
LINE
  5
4E0
330
17
100
AcDbEntity
  8
PREDICTED_WELDS_HIGH
100
AcDbLine
 10
-16.763999999999992
 20
4.419600000000001
 30
0.0
 11
-16.763999999999992
 21
5.943600000000001
 31
0.0
  0
LINE
  5
4E1
330
17
100
AcDbEntity
  8
PREDICTED_WELDS_HIGH
100
AcDbLine
 10
-16.763999999999992
 20
9.601200000000002
 30
0.0
 11
-16.763999999999992
 21
11.1252
 31
0.0
  0
LINE
  5
4E2
330
17
100
AcDbEntity
  8
PREDICTED_WELDS_HIGH
100
AcDbLine
 10
-16.763999999999992
 20
13.170811575174614
 30
0.0
 11
-16.763999999999992
 21
15.496091477430815
 31
0.0
  0
LINE
  5
4E3
330
17
100
AcDbEntity
  8
PREDICTED_WELDS_HIGH
100
AcDbLine
 10
-16.459199999999996
 20
-15.818527078257452
 30
0.0
 11
-16.459199999999996
 21
-11.1252
 31
0.0
  0
LINE
  5
4E4
330
17
100
AcDbEntity
  8
PREDICTED_WELDS_HIGH
100
AcDbLine
 10
-16.459199999999996
 20
-9.601200000000002
 30
0.0
 11
-16.459199999999996
 21
-5.943600000000001
 31
0.0
  0
LINE
  5
4E5
330
17
100
AcDbEntity
  8
PREDICTED_WELDS_HIGH
100
AcDbLine
 10
-16.459199999999996
 20
-4.419600000000001
 30
0.0
 11
-16.459199999999996
 21
-0.762
 31
0.0
  0
LINE
  5
4E6
330
17
100
AcDbEntity
  8
PREDICTED_WELDS_HIGH
100
AcDbLine
 10
-16.459199999999996
 20
0.7315620394683692
 30
0.0
 11
-16.459199999999996
 21
4.524415675070385
 31
0.0
  0
LINE
  5
4E7
330
17
100
AcDbEntity
  8
PREDICTED_WELDS_HIGH
100
AcDbLine
 10
-16.459199999999996
 20
5.943600000000001
 30
0.0
 11
-16.459199999999996
 21
9.776857715722452
 31
0.0
  0
LINE
  5
4E8
330
17
100
AcDbEntity
  8
PREDICTED_WELDS_HIGH
100
AcDbLine
 10
-16.459199999999996
 20
11.1252
 30
0.0
 11
-16.459199999999996
 21
15.818527078257452
 31
0.0
  0
LINE
  5
4E9
330
17
100
AcDbEntity
  8
PREDICTED_WELDS_HIGH
100
AcDbLine
 10
-15.239999999999998
 20
-16.9931179885484
 30
0.0
 11
-15.239999999999998
 21
-14.618011099159135
 31
0.0
  0
LINE
  5
4EA
330
17
100
AcDbEntity
  8
PREDICTED_WELDS_HIGH
100
AcDbLine
 10
-15.239999999999998
 20
-11.1252
 30
0.0
 11
-15.239999999999998
 21
-9.440736916100766
 31
0.0
  0
LINE
  5
4EB
330
17
100
AcDbEntity
  8
PREDICTED_WELDS_HIGH
100
AcDbLine
 10
-15.239999999999998
 20
-6.3449140644722055
 30
0.0
 11
-15.239999999999998
 21
6.223699980439291
 31
0.0
  0
LINE
  5
4EC
330
17
100
AcDbEntity
  8
PREDICTED_WELDS_HIGH
100
AcDbLine
 10
-15.239999999999998
 20
9.601200000000002
 30
0.0
 11
-15.239999999999998
 21
11.1252
 31
0.0
  0
LINE
  5
4ED
330
17
100
AcDbEntity
  8
PREDICTED_WELDS_HIGH
100
AcDbLine
 10
-15.239999999999998
 20
14.782800000000002
 30
0.0
 11
-15.239999999999998
 21
16.9931179885484
 31
0.0
  0
LINE
  5
4EE
330
17
100
AcDbEntity
  8
PREDICTED_WELDS_HIGH
100
AcDbLine
 10
-13.716
 20
-18.24228
 30
0.0
 11
-13.716
 21
-14.782800000000002
 31
0.0
  0
LINE
  5
4EF
330
17
100
AcDbEntity
  8
PREDICTED_WELDS_HIGH
100
AcDbLine
 10
-13.716
 20
-11.311093196816627
 30
0.0
 11
-13.716
 21
-9.601200000000002
 31
0.0
  0
LINE
  5
4F0
330
17
100
AcDbEntity
  8
PREDICTED_WELDS_HIGH
100
AcDbLine
 10
-13.716
 20
-9.096200838248341
 30
0.0
 11
-13.716
 21
9.09127761761155
 31
0.0
  0
LINE
  5
4F1
330
17
100
AcDbEntity
  8
PREDICTED_WELDS_HIGH
100
AcDbLine
 10
-13.716
 20
9.601200000000002
 30
0.0
 11
-13.716
 21
11.1252
 31
0.0
  0
LINE
  5
4F2
330
17
100
AcDbEntity
  8
PREDICTED_WELDS_HIGH
100
AcDbLine
 10
-13.716
 20
14.782800000000002
 30
0.0
 11
-13.716
 21
18.24228
 31
0.0
  0
LINE
  5
4F3
330
17
100
AcDbEntity
  8
PREDICTED_WELDS_HIGH
100
AcDbLine
 10
-12.8016
 20
-18.893620998038973
 30
0.0
 11
-12.8016
 21
-16.3068
 31
0.0
  0
LINE
  5
4F4
330
17
100
AcDbEntity
  8
PREDICTED_WELDS_HIGH
100
AcDbLine
 10
-12.8016
 20
-14.990430902239956
 30
0.0
 11
-12.8016
 21
-11.1252
 31
0.0
  0
LINE
  5
4F5
330
17
100
AcDbEntity
  8
PREDICTED_WELDS_HIGH
100
AcDbLine
 10
-12.8016
 20
-10.34317179726475
 30
0.0
 11
-12.8016
 21
10.339389275025363
 31
0.0
  0
LINE
  5
4F6
330
17
100
AcDbEntity
  8
PREDICTED_WELDS_HIGH
100
AcDbLine
 10
-12.8016
 20
10.934053124576437
 30
0.0
 11
-12.8016
 21
14.782800000000002
 31
0.0
  0
LINE
  5
4F7
330
17
100
AcDbEntity
  8
PREDICTED_WELDS_HIGH
100
AcDbLine
 10
-12.8016
 20
16.3068
 30
0.0
 11
-12.8016
 21
18.893620998038973
 31
0.0
  0
LINE
  5
4F8
330
17
100
AcDbEntity
  8
PREDICTED_WELDS_HIGH
100
AcDbLine
 10
-12.192
 20
-19.291672171645068
 30
0.0
 11
-12.192
 21
-17.410322693069034
 31
0.0
  0
LINE
  5
4F9
330
17
100
AcDbEntity
  8
PREDICTED_WELDS_HIGH
100
AcDbLine
 10
-12.192
 20
-16.3068
 30
0.0
 11
-12.192
 21
-14.73310451422607
 31
0.0
  0
LINE
  5
4FA
330
17
100
AcDbEntity
  8
PREDICTED_WELDS_HIGH
100
AcDbLine
 10
-12.192
 20
-11.1252
 30
0.0
 11
-12.192
 21
11.312842410366958
 31
0.0
  0
LINE
  5
4FB
330
17
100
AcDbEntity
  8
PREDICTED_WELDS_HIGH
100
AcDbLine
 10
-12.192
 20
14.782800000000002
 30
0.0
 11
-12.192
 21
16.509756990304982
 31
0.0
  0
LINE
  5
4FC
330
17
100
AcDbEntity
  8
PREDICTED_WELDS_HIGH
100
AcDbLine
 10
-12.192
 20
17.55218452595444
 30
0.0
 11
-12.192
 21
19.291672171645068
 31
0.0
  0
LINE
  5
4FD
330
17
100
AcDbEntity
  8
PREDICTED_WELDS_HIGH
100
AcDbLine
 10
-10.668
 20
-20.172424722006518
 30
0.0
 11
-10.668
 21
-18.33964126855717
 31
0.0
  0
LINE
  5
4FE
330
17
100
AcDbEntity
  8
PREDICTED_WELDS_HIGH
100
AcDbLine
 10
-10.668
 20
-16.3068
 30
0.0
 11
-10.668
 21
-14.782800000000002
 31
0.0
  0
LINE
  5
4FF
330
17
100
AcDbEntity
  8
PREDICTED_WELDS_HIGH
100
AcDbLine
 10
-10.668
 20
-12.532463746353985
 30
0.0
 11
-10.668
 21
12.528951883004401
 31
0.0
  0
LINE
  5
500
330
17
100
AcDbEntity
  8
PREDICTED_WELDS_HIGH
100
AcDbLine
 10
-10.668
 20
14.73151127403564
 30
0.0
 11
-10.668
 21
16.3068
 31
0.0
  0
LINE
  5
501
330
17
100
AcDbEntity
  8
PREDICTED_WELDS_HIGH
100
AcDbLine
 10
-10.668
 20
18.38441720991593
 30
0.0
 11
-10.668
 21
20.172424722006518
 31
0.0
  0
LINE
  5
502
330
17
100
AcDbEntity
  8
PREDICTED_WELDS_HIGH
100
AcDbLine
 10
-9.144000000000002
 20
-20.9058160773381
 30
0.0
 11
-9.144000000000002
 21
-19.10469956224981
 31
0.0
  0
LINE
  5
503
330
17
100
AcDbEntity
  8
PREDICTED_WELDS_HIGH
100
AcDbLine
 10
-9.144000000000002
 20
-13.713502912530704
 30
0.0
 11
-9.144000000000002
 21
13.680048254666435
 31
0.0
  0
LINE
  5
504
330
17
100
AcDbEntity
  8
PREDICTED_WELDS_HIGH
100
AcDbLine
 10
-9.144000000000002
 20
19.188782437952344
 30
0.0
 11
-9.144000000000002
 21
20.9058160773381
 31
0.0
  0
LINE
  5
505
330
17
100
AcDbEntity
  8
PREDICTED_WELDS_HIGH
100
AcDbLine
 10
-7.619999999999999
 20
-21.506894690565968
 30
0.0
 11
-7.619999999999999
 21
-19.75570376677049
 31
0.0
  0
LINE
  5
506
330
17
100
AcDbEntity
  8
PREDICTED_WELDS_HIGH
100
AcDbLine
 10
-7.619999999999999
 20
-16.36798492521237
 30
0.0
 11
-7.619999999999999
 21
-14.782800000000002
 31
0.0
  0
LINE
  5
507
330
17
100
AcDbEntity
  8
PREDICTED_WELDS_HIGH
100
AcDbLine
 10
-7.619999999999999
 20
-14.585866210661578
 30
0.0
 11
-7.619999999999999
 21
16.368780873978785
 31
0.0
  0
LINE
  5
508
330
17
100
AcDbEntity
  8
PREDICTED_WELDS_HIGH
100
AcDbLine
 10
-7.619999999999999
 20
19.9644
 30
0.0
 11
-7.619999999999999
 21
21.506894690565968
 31
0.0
  0
LINE
  5
509
330
17
100
AcDbEntity
  8
PREDICTED_WELDS_HIGH
100
AcDbLine
 10
-6.096
 20
-21.98649241727666
 30
0.0
 11
-6.096
 21
-19.73135936697583
 31
0.0
  0
LINE
  5
50A
330
17
100
AcDbEntity
  8
PREDICTED_WELDS_HIGH
100
AcDbLine
 10
-6.096
 20
-16.3068
 30
0.0
 11
-6.096
 21
16.3068
 31
0.0
  0
LINE
  5
50B
330
17
100
AcDbEntity
  8
PREDICTED_WELDS_HIGH
100
AcDbLine
 10
-6.096
 20
19.9644
 30
0.0
 11
-6.096
 21
21.98649241727666
 31
0.0
  0
LINE
  5
50C
330
17
100
AcDbEntity
  8
PREDICTED_WELDS_HIGH
100
AcDbLine
 10
-5.4864000000000015
 20
-22.14614821878681
 30
0.0
 11
-5.4864000000000015
 21
-20.42030932735999
 31
0.0
  0
LINE
  5
50D
330
17
100
AcDbEntity
  8
PREDICTED_WELDS_HIGH
100
AcDbLine
 10
-5.4864000000000015
 20
-19.9644
 30
0.0
 11
-5.4864000000000015
 21
-16.3068
 31
0.0
  0
LINE
  5
50E
330
17
100
AcDbEntity
  8
PREDICTED_WELDS_HIGH
100
AcDbLine
 10
-5.4864000000000015
 20
-15.541439520730215
 30
0.0
 11
-5.4864000000000015
 21
15.513098764583688
 31
0.0
  0
LINE
  5
50F
330
17
100
AcDbEntity
  8
PREDICTED_WELDS_HIGH
100
AcDbLine
 10
-5.4864000000000015
 20
16.3068
 30
0.0
 11
-5.4864000000000015
 21
19.9644
 31
0.0
  0
LINE
  5
510
330
17
100
AcDbEntity
  8
PREDICTED_WELDS_HIGH
100
AcDbLine
 10
-5.4864000000000015
 20
20.536383569927644
 30
0.0
 11
-5.4864000000000015
 21
22.14614821878681
 31
0.0
  0
LINE
  5
511
330
17
100
AcDbEntity
  8
PREDICTED_WELDS_HIGH
100
AcDbLine
 10
-4.572
 20
-22.352414208009378
 30
0.0
 11
-4.572
 21
-19.9644
 31
0.0
  0
LINE
  5
512
330
17
100
AcDbEntity
  8
PREDICTED_WELDS_HIGH
100
AcDbLine
 10
-4.572
 20
-16.3068
 30
0.0
 11
-4.572
 21
16.3068
 31
0.0
  0
LINE
  5
513
330
17
100
AcDbEntity
  8
PREDICTED_WELDS_HIGH
100
AcDbLine
 10
-4.572
 20
19.9644
 30
0.0
 11
-4.572
 21
22.352414208009378
 31
0.0
  0
LINE
  5
514
330
17
100
AcDbEntity
  8
PREDICTED_WELDS_HIGH
100
AcDbLine
 10
-3.048
 20
-22.610168770913404
 30
0.0
 11
-3.048
 21
-19.9644
 31
0.0
  0
LINE
  5
515
330
17
100
AcDbEntity
  8
PREDICTED_WELDS_HIGH
100
AcDbLine
 10
-3.048
 20
-16.3068
 30
0.0
 11
-3.048
 21
16.3068
 31
0.0
  0
LINE
  5
516
330
17
100
AcDbEntity
  8
PREDICTED_WELDS_HIGH
100
AcDbLine
 10
-3.048
 20
19.9644
 30
0.0
 11
-3.048
 21
22.610168770913404
 31
0.0
  0
LINE
  5
517
330
17
100
AcDbEntity
  8
PREDICTED_WELDS_HIGH
100
AcDbLine
 10
-1.8288
 20
-22.741010580756864
 30
0.0
 11
-1.8288
 21
-21.148093610399727
 31
0.0
  0
LINE
  5
518
330
17
100
AcDbEntity
  8
PREDICTED_WELDS_HIGH
100
AcDbLine
 10
-1.8288
 20
-19.9644
 30
0.0
 11
-1.8288
 21
20.194011948796497
 31
0.0
  0
LINE
  5
519
330
17
100
AcDbEntity
  8
PREDICTED_WELDS_HIGH
100
AcDbLine
 10
-1.8288
 20
21.176321819181833
 30
0.0
 11
-1.8288
 21
22.741010580756864
 31
0.0
  0
LINE
  5
51A
330
17
100
AcDbEntity
  8
PREDICTED_WELDS_HIGH
100
AcDbLine
 10
-1.524
 20
-22.763423429773948
 30
0.0
 11
-1.524
 21
-19.9644
 31
0.0
  0
LINE
  5
51B
330
17
100
AcDbEntity
  8
PREDICTED_WELDS_HIGH
100
AcDbLine
 10
-1.524
 20
-16.390261583011306
 30
0.0
 11
-1.524
 21
16.383938159126735
 31
0.0
  0
LINE
  5
51C
330
17
100
AcDbEntity
  8
PREDICTED_WELDS_HIGH
100
AcDbLine
 10
-1.524
 20
19.9644
 30
0.0
 11
-1.524
 21
22.763423429773948
 31
0.0
  0
LINE
  5
51D
330
17
100
AcDbEntity
  8
PREDICTED_WELDS_HIGH
100
AcDbLine
 10
5.112039455692326e-16
 20
-21.448103551623902
 30
0.0
 11
5.112039455692326e-16
 21
-19.79518838724442
 31
0.0
  0
LINE
  5
51E
330
17
100
AcDbEntity
  8
PREDICTED_WELDS_HIGH
100
AcDbLine
 10
5.112039455692326e-16
 20
-16.45565355640266
 30
0.0
 11
5.112039455692326e-16
 21
16.45565355640266
 31
0.0
  0
LINE
  5
51F
330
17
100
AcDbEntity
  8
PREDICTED_WELDS_HIGH
100
AcDbLine
 10
5.112039455692326e-16
 20
19.7951883872444
 30
0.0
 11
5.112039455692326e-16
 21
21.448103551623902
 31
0.0
  0
LINE
  5
520
330
17
100
AcDbEntity
  8
PREDICTED_WELDS_HIGH
100
AcDbLine
 10
1.524
 20
-22.763423429773948
 30
0.0
 11
1.524
 21
-19.9644
 31
0.0
  0
LINE
  5
521
330
17
100
AcDbEntity
  8
PREDICTED_WELDS_HIGH
100
AcDbLine
 10
1.524
 20
-16.383938159126735
 30
0.0
 11
1.524
 21
16.390261583011316
 31
0.0
  0
LINE
  5
522
330
17
100
AcDbEntity
  8
PREDICTED_WELDS_HIGH
100
AcDbLine
 10
1.524
 20
19.9644
 30
0.0
 11
1.524
 21
22.763423429773948
 31
0.0
  0
LINE
  5
523
330
17
100
AcDbEntity
  8
PREDICTED_WELDS_HIGH
100
AcDbLine
 10
1.8288
 20
-22.741010580756864
 30
0.0
 11
1.8288
 21
-21.17632181918183
 31
0.0
  0
LINE
  5
524
330
17
100
AcDbEntity
  8
PREDICTED_WELDS_HIGH
100
AcDbLine
 10
1.8288
 20
-20.19401194879663
 30
0.0
 11
1.8288
 21
19.9644
 31
0.0
  0
LINE
  5
525
330
17
100
AcDbEntity
  8
PREDICTED_WELDS_HIGH
100
AcDbLine
 10
1.8288
 20
21.148093610399727
 30
0.0
 11
1.8288
 21
22.741010580756864
 31
0.0
  0
LINE
  5
526
330
17
100
AcDbEntity
  8
PREDICTED_WELDS_HIGH
100
AcDbLine
 10
3.048
 20
-22.610168770913404
 30
0.0
 11
3.048
 21
-19.9644
 31
0.0
  0
LINE
  5
527
330
17
100
AcDbEntity
  8
PREDICTED_WELDS_HIGH
100
AcDbLine
 10
3.048
 20
-16.3068
 30
0.0
 11
3.048
 21
16.3068
 31
0.0
  0
LINE
  5
528
330
17
100
AcDbEntity
  8
PREDICTED_WELDS_HIGH
100
AcDbLine
 10
3.048
 20
19.9644
 30
0.0
 11
3.048
 21
22.610168770913404
 31
0.0
  0
LINE
  5
529
330
17
100
AcDbEntity
  8
PREDICTED_WELDS_HIGH
100
AcDbLine
 10
4.572
 20
-22.352414208009378
 30
0.0
 11
4.572
 21
-19.9644
 31
0.0
  0
LINE
  5
52A
330
17
100
AcDbEntity
  8
PREDICTED_WELDS_HIGH
100
AcDbLine
 10
4.572
 20
-16.3068
 30
0.0
 11
4.572
 21
16.3068
 31
0.0
  0
LINE
  5
52B
330
17
100
AcDbEntity
  8
PREDICTED_WELDS_HIGH
100
AcDbLine
 10
4.572
 20
19.9644
 30
0.0
 11
4.572
 21
22.352414208009378
 31
0.0
  0
LINE
  5
52C
330
17
100
AcDbEntity
  8
PREDICTED_WELDS_HIGH
100
AcDbLine
 10
5.486400000000001
 20
-22.14614821878681
 30
0.0
 11
5.486400000000001
 21
-20.536383569927647
 31
0.0
  0
LINE
  5
52D
330
17
100
AcDbEntity
  8
PREDICTED_WELDS_HIGH
100
AcDbLine
 10
5.486400000000001
 20
-19.9644
 30
0.0
 11
5.486400000000001
 21
-16.3068
 31
0.0
  0
LINE
  5
52E
330
17
100
AcDbEntity
  8
PREDICTED_WELDS_HIGH
100
AcDbLine
 10
5.486400000000001
 20
-15.513098764583688
 30
0.0
 11
5.486400000000001
 21
15.541439520730213
 31
0.0
  0
LINE
  5
52F
330
17
100
AcDbEntity
  8
PREDICTED_WELDS_HIGH
100
AcDbLine
 10
5.486400000000001
 20
16.3068
 30
0.0
 11
5.486400000000001
 21
19.9644
 31
0.0
  0
LINE
  5
530
330
17
100
AcDbEntity
  8
PREDICTED_WELDS_HIGH
100
AcDbLine
 10
5.486400000000001
 20
20.42030932735998
 30
0.0
 11
5.486400000000001
 21
22.14614821878681
 31
0.0
  0
LINE
  5
531
330
17
100
AcDbEntity
  8
PREDICTED_WELDS_HIGH
100
AcDbLine
 10
6.096000000000001
 20
-21.98649241727666
 30
0.0
 11
6.096000000000001
 21
-19.9644
 31
0.0
  0
LINE
  5
532
330
17
100
AcDbEntity
  8
PREDICTED_WELDS_HIGH
100
AcDbLine
 10
6.096000000000001
 20
-16.3068
 30
0.0
 11
6.096000000000001
 21
16.3068
 31
0.0
  0
LINE
  5
533
330
17
100
AcDbEntity
  8
PREDICTED_WELDS_HIGH
100
AcDbLine
 10
6.096000000000001
 20
19.731359366975767
 30
0.0
 11
6.096000000000001
 21
21.98649241727666
 31
0.0
  0
LINE
  5
534
330
17
100
AcDbEntity
  8
PREDICTED_WELDS_HIGH
100
AcDbLine
 10
7.619999999999999
 20
-21.506894690565968
 30
0.0
 11
7.619999999999999
 21
-19.9644
 31
0.0
  0
LINE
  5
535
330
17
100
AcDbEntity
  8
PREDICTED_WELDS_HIGH
100
AcDbLine
 10
7.619999999999999
 20
-16.368780873978785
 30
0.0
 11
7.619999999999999
 21
14.585866210661578
 31
0.0
  0
LINE
  5
536
330
17
100
AcDbEntity
  8
PREDICTED_WELDS_HIGH
100
AcDbLine
 10
7.619999999999999
 20
14.782800000000002
 30
0.0
 11
7.619999999999999
 21
16.36798492521237
 31
0.0
  0
LINE
  5
537
330
17
100
AcDbEntity
  8
PREDICTED_WELDS_HIGH
100
AcDbLine
 10
7.619999999999999
 20
19.755703766770473
 30
0.0
 11
7.619999999999999
 21
21.506894690565968
 31
0.0
  0
LINE
  5
538
330
17
100
AcDbEntity
  8
PREDICTED_WELDS_HIGH
100
AcDbLine
 10
9.143999999999998
 20
-20.905816077338102
 30
0.0
 11
9.143999999999998
 21
-19.188782437952344
 31
0.0
  0
LINE
  5
539
330
17
100
AcDbEntity
  8
PREDICTED_WELDS_HIGH
100
AcDbLine
 10
9.143999999999998
 20
-13.680048254666438
 30
0.0
 11
9.143999999999998
 21
13.713502912530702
 31
0.0
  0
LINE
  5
53A
330
17
100
AcDbEntity
  8
PREDICTED_WELDS_HIGH
100
AcDbLine
 10
9.143999999999998
 20
19.104699562249834
 30
0.0
 11
9.143999999999998
 21
20.905816077338102
 31
0.0
  0
LINE
  5
53B
330
17
100
AcDbEntity
  8
PREDICTED_WELDS_HIGH
100
AcDbLine
 10
10.668
 20
-20.172424722006518
 30
0.0
 11
10.668
 21
-18.38441720991593
 31
0.0
  0
LINE
  5
53C
330
17
100
AcDbEntity
  8
PREDICTED_WELDS_HIGH
100
AcDbLine
 10
10.668
 20
-16.3068
 30
0.0
 11
10.668
 21
-14.731511274035643
 31
0.0
  0
LINE
  5
53D
330
17
100
AcDbEntity
  8
PREDICTED_WELDS_HIGH
100
AcDbLine
 10
10.668
 20
-12.528951883004401
 30
0.0
 11
10.668
 21
12.532463746353985
 31
0.0
  0
LINE
  5
53E
330
17
100
AcDbEntity
  8
PREDICTED_WELDS_HIGH
100
AcDbLine
 10
10.668
 20
14.782800000000002
 30
0.0
 11
10.668
 21
16.3068
 31
0.0
  0
LINE
  5
53F
330
17
100
AcDbEntity
  8
PREDICTED_WELDS_HIGH
100
AcDbLine
 10
10.668
 20
18.33964126855718
 30
0.0
 11
10.668
 21
20.172424722006518
 31
0.0
  0
LINE
  5
540
330
17
100
AcDbEntity
  8
PREDICTED_WELDS_HIGH
100
AcDbLine
 10
12.192
 20
-19.291672171645068
 30
0.0
 11
12.192
 21
-17.55218452595445
 31
0.0
  0
LINE
  5
541
330
17
100
AcDbEntity
  8
PREDICTED_WELDS_HIGH
100
AcDbLine
 10
12.192
 20
-16.50975699030499
 30
0.0
 11
12.192
 21
-14.782800000000002
 31
0.0
  0
LINE
  5
542
330
17
100
AcDbEntity
  8
PREDICTED_WELDS_HIGH
100
AcDbLine
 10
12.192
 20
-11.31284241036696
 30
0.0
 11
12.192
 21
11.1252
 31
0.0
  0
LINE
  5
543
330
17
100
AcDbEntity
  8
PREDICTED_WELDS_HIGH
100
AcDbLine
 10
12.192
 20
14.73310451422607
 30
0.0
 11
12.192
 21
16.3068
 31
0.0
  0
LINE
  5
544
330
17
100
AcDbEntity
  8
PREDICTED_WELDS_HIGH
100
AcDbLine
 10
12.192
 20
17.41032269306903
 30
0.0
 11
12.192
 21
19.291672171645068
 31
0.0
  0
LINE
  5
545
330
17
100
AcDbEntity
  8
PREDICTED_WELDS_HIGH
100
AcDbLine
 10
12.8016
 20
-18.893620998038973
 30
0.0
 11
12.8016
 21
-16.3068
 31
0.0
  0
LINE
  5
546
330
17
100
AcDbEntity
  8
PREDICTED_WELDS_HIGH
100
AcDbLine
 10
12.8016
 20
-14.782800000000002
 30
0.0
 11
12.8016
 21
-10.934053124576439
 31
0.0
  0
LINE
  5
547
330
17
100
AcDbEntity
  8
PREDICTED_WELDS_HIGH
100
AcDbLine
 10
12.8016
 20
-10.339389275025365
 30
0.0
 11
12.8016
 21
10.343171797264748
 31
0.0
  0
LINE
  5
548
330
17
100
AcDbEntity
  8
PREDICTED_WELDS_HIGH
100
AcDbLine
 10
12.8016
 20
11.1252
 30
0.0
 11
12.8016
 21
14.990430902239959
 31
0.0
  0
LINE
  5
549
330
17
100
AcDbEntity
  8
PREDICTED_WELDS_HIGH
100
AcDbLine
 10
12.8016
 20
16.3068
 30
0.0
 11
12.8016
 21
18.893620998038973
 31
0.0
  0
LINE
  5
54A
330
17
100
AcDbEntity
  8
PREDICTED_WELDS_HIGH
100
AcDbLine
 10
13.716
 20
-18.24228
 30
0.0
 11
13.716
 21
-14.782800000000002
 31
0.0
  0
LINE
  5
54B
330
17
100
AcDbEntity
  8
PREDICTED_WELDS_HIGH
100
AcDbLine
 10
13.716
 20
-11.1252
 30
0.0
 11
13.716
 21
-9.601200000000002
 31
0.0
  0
LINE
  5
54C
330
17
100
AcDbEntity
  8
PREDICTED_WELDS_HIGH
100
AcDbLine
 10
13.716
 20
-9.09127761761155
 30
0.0
 11
13.716
 21
9.096200838248341
 31
0.0
  0
LINE
  5
54D
330
17
100
AcDbEntity
  8
PREDICTED_WELDS_HIGH
100
AcDbLine
 10
13.716
 20
9.601200000000002
 30
0.0
 11
13.716
 21
11.311093196816628
 31
0.0
  0
LINE
  5
54E
330
17
100
AcDbEntity
  8
PREDICTED_WELDS_HIGH
100
AcDbLine
 10
13.716
 20
14.782800000000002
 30
0.0
 11
13.716
 21
18.24228
 31
0.0
  0
LINE
  5
54F
330
17
100
AcDbEntity
  8
PREDICTED_WELDS_HIGH
100
AcDbLine
 10
15.240000000000004
 20
-16.993117988548395
 30
0.0
 11
15.240000000000004
 21
-14.782800000000002
 31
0.0
  0
LINE
  5
550
330
17
100
AcDbEntity
  8
PREDICTED_WELDS_HIGH
100
AcDbLine
 10
15.240000000000004
 20
-11.1252
 30
0.0
 11
15.240000000000004
 21
-9.601200000000002
 31
0.0
  0
LINE
  5
551
330
17
100
AcDbEntity
  8
PREDICTED_WELDS_HIGH
100
AcDbLine
 10
15.240000000000004
 20
-6.223699980439292
 30
0.0
 11
15.240000000000004
 21
6.34491406447225
 31
0.0
  0
LINE
  5
552
330
17
100
AcDbEntity
  8
PREDICTED_WELDS_HIGH
100
AcDbLine
 10
15.240000000000004
 20
9.440736916100768
 30
0.0
 11
15.240000000000004
 21
11.1252
 31
0.0
  0
LINE
  5
553
330
17
100
AcDbEntity
  8
PREDICTED_WELDS_HIGH
100
AcDbLine
 10
15.240000000000004
 20
14.618011099159121
 30
0.0
 11
15.240000000000004
 21
16.993117988548395
 31
0.0
  0
LINE
  5
554
330
17
100
AcDbEntity
  8
PREDICTED_WELDS_HIGH
100
AcDbLine
 10
16.4592
 20
-15.818527078257448
 30
0.0
 11
16.4592
 21
-11.1252
 31
0.0
  0
LINE
  5
555
330
17
100
AcDbEntity
  8
PREDICTED_WELDS_HIGH
100
AcDbLine
 10
16.4592
 20
-9.776857715722457
 30
0.0
 11
16.4592
 21
-5.943600000000001
 31
0.0
  0
LINE
  5
556
330
17
100
AcDbEntity
  8
PREDICTED_WELDS_HIGH
100
AcDbLine
 10
16.4592
 20
-4.5244156750703866
 30
0.0
 11
16.4592
 21
-0.731562039468367
 31
0.0
  0
LINE
  5
557
330
17
100
AcDbEntity
  8
PREDICTED_WELDS_HIGH
100
AcDbLine
 10
16.4592
 20
0.762
 30
0.0
 11
16.4592
 21
4.419600000000001
 31
0.0
  0
LINE
  5
558
330
17
100
AcDbEntity
  8
PREDICTED_WELDS_HIGH
100
AcDbLine
 10
16.4592
 20
5.943600000000001
 30
0.0
 11
16.4592
 21
9.601200000000002
 31
0.0
  0
LINE
  5
559
330
17
100
AcDbEntity
  8
PREDICTED_WELDS_HIGH
100
AcDbLine
 10
16.4592
 20
11.1252
 30
0.0
 11
16.4592
 21
15.818527078257448
 31
0.0
  0
LINE
  5
55A
330
17
100
AcDbEntity
  8
PREDICTED_WELDS_HIGH
100
AcDbLine
 10
16.764
 20
-15.496091477430804
 30
0.0
 11
16.764
 21
-13.170811575174614
 31
0.0
  0
LINE
  5
55B
330
17
100
AcDbEntity
  8
PREDICTED_WELDS_HIGH
100
AcDbLine
 10
16.764
 20
-11.1252
 30
0.0
 11
16.764
 21
-9.601200000000002
 31
0.0
  0
LINE
  5
55C
330
17
100
AcDbEntity
  8
PREDICTED_WELDS_HIGH
100
AcDbLine
 10
16.764
 20
-5.943600000000001
 30
0.0
 11
16.764
 21
-4.419600000000001
 31
0.0
  0
LINE
  5
55D
330
17
100
AcDbEntity
  8
PREDICTED_WELDS_HIGH
100
AcDbLine
 10
16.764
 20
-0.9505329130752953
 30
0.0
 11
16.764
 21
0.762
 31
0.0
  0
LINE
  5
55E
330
17
100
AcDbEntity
  8
PREDICTED_WELDS_HIGH
100
AcDbLine
 10
16.764
 20
4.419600000000001
 30
0.0
 11
16.764
 21
6.039216414359013
 31
0.0
  0
LINE
  5
55F
330
17
100
AcDbEntity
  8
PREDICTED_WELDS_HIGH
100
AcDbLine
 10
16.764
 20
9.601200000000002
 30
0.0
 11
16.764
 21
11.1252
 31
0.0
  0
LINE
  5
560
330
17
100
AcDbEntity
  8
PREDICTED_WELDS_HIGH
100
AcDbLine
 10
16.764
 20
13.224390179881798
 30
0.0
 11
16.764
 21
15.496091477430804
 31
0.0
  0
LINE
  5
561
330
17
100
AcDbEntity
  8
PREDICTED_WELDS_HIGH
100
AcDbLine
 10
18.288
 20
-13.670279999999996
 30
0.0
 11
18.288
 21
-9.601200000000002
 31
0.0
  0
LINE
  5
562
330
17
100
AcDbEntity
  8
PREDICTED_WELDS_HIGH
100
AcDbLine
 10
18.288
 20
-5.943600000000001
 30
0.0
 11
18.288
 21
-4.419600000000001
 31
0.0
  0
LINE
  5
563
330
17
100
AcDbEntity
  8
PREDICTED_WELDS_HIGH
100
AcDbLine
 10
18.288
 20
-0.762
 30
0.0
 11
18.288
 21
0.762
 31
0.0
  0
LINE
  5
564
330
17
100
AcDbEntity
  8
PREDICTED_WELDS_HIGH
100
AcDbLine
 10
18.288
 20
4.2993272533261715
 30
0.0
 11
18.288
 21
5.943600000000001
 31
0.0
  0
LINE
  5
565
330
17
100
AcDbEntity
  8
PREDICTED_WELDS_HIGH
100
AcDbLine
 10
18.288
 20
9.601200000000002
 30
0.0
 11
18.288
 21
13.670279999999996
 31
0.0
  0
LINE
  5
566
330
17
100
AcDbEntity
  8
PREDICTED_WELDS_HIGH
100
AcDbLine
 10
19.811999999999994
 20
-11.358851714886983
 30
0.0
 11
19.811999999999994
 21
-7.699568124070096
 31
0.0
  0
LINE
  5
567
330
17
100
AcDbEntity
  8
PREDICTED_WELDS_HIGH
100
AcDbLine
 10
19.811999999999994
 20
-5.943600000000001
 30
0.0
 11
19.811999999999994
 21
-4.419600000000001
 31
0.0
  0
LINE
  5
568
330
17
100
AcDbEntity
  8
PREDICTED_WELDS_HIGH
100
AcDbLine
 10
19.811999999999994
 20
-0.762
 30
0.0
 11
19.811999999999994
 21
0.8070905725006451
 31
0.0
  0
LINE
  5
569
330
17
100
AcDbEntity
  8
PREDICTED_WELDS_HIGH
100
AcDbLine
 10
19.811999999999994
 20
4.419600000000001
 30
0.0
 11
19.811999999999994
 21
5.943600000000001
 31
0.0
  0
LINE
  5
56A
330
17
100
AcDbEntity
  8
PREDICTED_WELDS_HIGH
100
AcDbLine
 10
19.811999999999994
 20
7.92325573946899
 30
0.0
 11
19.811999999999994
 21
11.358851714886983
 31
0.0
  0
LINE
  5
56B
330
17
100
AcDbEntity
  8
PREDICTED_WELDS_HIGH
100
AcDbLine
 10
20.116800000000005
 20
-10.812178404387462
 30
0.0
 11
20.116800000000005
 21
-5.943600000000001
 31
0.0
  0
LINE
  5
56C
330
17
100
AcDbEntity
  8
PREDICTED_WELDS_HIGH
100
AcDbLine
 10
20.116800000000005
 20
-4.419600000000001
 30
0.0
 11
20.116800000000005
 21
-0.762
 31
0.0
  0
LINE
  5
56D
330
17
100
AcDbEntity
  8
PREDICTED_WELDS_HIGH
100
AcDbLine
 10
20.116800000000005
 20
0.762
 30
0.0
 11
20.116800000000005
 21
4.419600000000001
 31
0.0
  0
LINE
  5
56E
330
17
100
AcDbEntity
  8
PREDICTED_WELDS_HIGH
100
AcDbLine
 10
20.116800000000005
 20
5.761664762876875
 30
0.0
 11
20.116800000000005
 21
10.812178404387462
 31
0.0
  0
LINE
  5
56F
330
17
100
AcDbEntity
  8
PREDICTED_WELDS_HIGH
100
AcDbLine
 10
21.27149344465689
 20
-8.327043380982348
 30
0.0
 11
21.27149344465689
 21
-3.348006532898589
 31
0.0
  0
LINE
  5
570
330
17
100
AcDbEntity
  8
PREDICTED_WELDS_HIGH
100
AcDbLine
 10
21.27149344465689
 20
3.27200264429124
 30
0.0
 11
21.27149344465689
 21
8.327043380982348
 31
0.0
  0
LINE
  5
571
330
17
100
AcDbEntity
  8
PREDICTED_WELDS_LOW
100
AcDbLine
 10
-1.524
 20
-16.3068
 30
0.0
 11
5.112039455692326e-16
 21
-16.3068
 31
0.0
  0
LINE
  5
572
330
17
100
AcDbEntity
  8
PREDICTED_WELDS_LOW
100
AcDbLine
 10
-1.524
 20
-14.782799999999998
 30
0.0
 11
5.112039455692326e-16
 21
-14.782799999999998
 31
0.0
  0
LINE
  5
573
330
17
100
AcDbEntity
  8
PREDICTED_WELDS_LOW
100
AcDbLine
 10
-1.524
 20
-11.125199999999998
 30
0.0
 11
5.112039455692326e-16
 21
-11.125199999999998
 31
0.0
  0
LINE
  5
574
330
17
100
AcDbEntity
  8
PREDICTED_WELDS_LOW
100
AcDbLine
 10
-1.524
 20
-9.601200000000002
 30
0.0
 11
5.112039455692326e-16
 21
-9.601200000000002
 31
0.0
  0
LINE
  5
575
330
17
100
AcDbEntity
  8
PREDICTED_WELDS_LOW
100
AcDbLine
 10
-1.524
 20
-5.9436
 30
0.0
 11
5.112039455692326e-16
 21
-5.9436
 31
0.0
  0
LINE
  5
576
330
17
100
AcDbEntity
  8
PREDICTED_WELDS_LOW
100
AcDbLine
 10
-1.524
 20
-4.419600000000002
 30
0.0
 11
5.112039455692326e-16
 21
-4.419600000000002
 31
0.0
  0
LINE
  5
577
330
17
100
AcDbEntity
  8
PREDICTED_WELDS_LOW
100
AcDbLine
 10
-1.524
 20
-0.7619999999999998
 30
0.0
 11
5.112039455692326e-16
 21
-0.7619999999999998
 31
0.0
  0
LINE
  5
578
330
17
100
AcDbEntity
  8
PREDICTED_WELDS_LOW
100
AcDbLine
 10
-1.524
 20
0.762
 30
0.0
 11
5.112039455692326e-16
 21
0.762
 31
0.0
  0
LINE
  5
579
330
17
100
AcDbEntity
  8
PREDICTED_WELDS_LOW
100
AcDbLine
 10
-1.524
 20
4.419600000000001
 30
0.0
 11
5.112039455692326e-16
 21
4.419600000000001
 31
0.0
  0
LINE
  5
57A
330
17
100
AcDbEntity
  8
PREDICTED_WELDS_LOW
100
AcDbLine
 10
-1.524
 20
5.9436
 30
0.0
 11
5.112039455692326e-16
 21
5.9436
 31
0.0
  0
LINE
  5
57B
330
17
100
AcDbEntity
  8
PREDICTED_WELDS_LOW
100
AcDbLine
 10
-1.524
 20
9.601200000000002
 30
0.0
 11
5.112039455692326e-16
 21
9.601200000000002
 31
0.0
  0
LINE
  5
57C
330
17
100
AcDbEntity
  8
PREDICTED_WELDS_LOW
100
AcDbLine
 10
-1.524
 20
11.125199999999998
 30
0.0
 11
5.112039455692326e-16
 21
11.125199999999998
 31
0.0
  0
LINE
  5
57D
330
17
100
AcDbEntity
  8
PREDICTED_WELDS_LOW
100
AcDbLine
 10
-1.524
 20
14.782800000000003
 30
0.0
 11
5.112039455692326e-16
 21
14.782800000000003
 31
0.0
  0
LINE
  5
57E
330
17
100
AcDbEntity
  8
PREDICTED_WELDS_LOW
100
AcDbLine
 10
-1.524
 20
16.306799999999996
 30
0.0
 11
5.112039455692326e-16
 21
16.306799999999996
 31
0.0
  0
LINE
  5
57F
330
17
100
AcDbEntity
  8
PREDICTED_WELDS_LOW
100
AcDbLine
 10
-15.975137460198567
 20
-16.3068
 30
0.0
 11
-15.239999999999998
 21
-16.3068
 31
0.0
  0
LINE
  5
580
330
17
100
AcDbEntity
  8
PREDICTED_WELDS_LOW
100
AcDbLine
 10
-16.459199999999996
 20
-14.782799999999998
 30
0.0
 11
-15.239999999999998
 21
-14.782799999999998
 31
0.0
  0
LINE
  5
581
330
17
100
AcDbEntity
  8
PREDICTED_WELDS_LOW
100
AcDbLine
 10
-16.459199999999996
 20
-0.7619999999999998
 30
0.0
 11
-15.239999999999998
 21
-0.7619999999999998
 31
0.0
  0
LINE
  5
582
330
17
100
AcDbEntity
  8
PREDICTED_WELDS_LOW
100
AcDbLine
 10
-16.459199999999996
 20
0.762
 30
0.0
 11
-15.239999999999998
 21
0.762
 31
0.0
  0
LINE
  5
583
330
17
100
AcDbEntity
  8
PREDICTED_WELDS_LOW
100
AcDbLine
 10
-16.459199999999996
 20
14.782800000000003
 30
0.0
 11
-15.432992272600451
 21
14.782800000000003
 31
0.0
  0
LINE
  5
584
330
17
100
AcDbEntity
  8
PREDICTED_WELDS_LOW
100
AcDbLine
 10
-15.975137460198567
 20
16.306799999999996
 30
0.0
 11
-15.239999999999998
 21
16.306799999999996
 31
0.0
  0
LINE
  5
585
330
17
100
AcDbEntity
  8
PREDICTED_WELDS_MEDIUM
100
AcDbLine
 10
16.764
 20
-1.2547545737283928e-13
 30
0.0
 11
18.288
 21
-1.2547545737283928e-13
 31
0.0
  0
LINE
  5
586
330
17
100
AcDbEntity
  8
PREDICTED_WELDS_MEDIUM
100
AcDbLine
 10
18.288
 20
-11.125199999999998
 30
0.0
 11
19.811999999999994
 21
-11.125199999999998
 31
0.0
  0
LINE
  5
587
330
17
100
AcDbEntity
  8
PREDICTED_WELDS_MEDIUM
100
AcDbLine
 10
18.962667406755873
 20
-9.601200000000002
 30
0.0
 11
19.811999999999994
 21
-9.601200000000002
 31
0.0
  0
LINE
  5
588
330
17
100
AcDbEntity
  8
PREDICTED_WELDS_MEDIUM
100
AcDbLine
 10
18.96254012409572
 20
9.601200000000002
 30
0.0
 11
19.811999999999994
 21
9.601200000000002
 31
0.0
  0
LINE
  5
589
330
17
100
AcDbEntity
  8
PREDICTED_WELDS_MEDIUM
100
AcDbLine
 10
18.288
 20
11.125199999999998
 30
0.0
 11
19.811999999999994
 21
11.125199999999998
 31
0.0
  0
LINE
  5
58A
330
17
100
AcDbEntity
  8
PREDICTED_WELDS_HIGH
100
AcDbLine
 10
20.364373074224837
 20
-10.376166344316452
 30
0.0
 11
20.136678216581373
 21
-10.260150019628098
 31
0.0
  0
LINE
  5
58B
330
17
100
AcDbEntity
  8
PREDICTED_WELDS_HIGH
100
AcDbLine
 10
-20.364373074224837
 20
10.376166344316452
 30
0.0
 11
-20.136678216581373
 21
10.260150019628098
 31
0.0
  0
LINE
  5
58C
330
17
100
AcDbEntity
  8
PREDICTED_WELDS_HIGH
100
AcDbLine
 10
21.710371872631356
 20
-7.054127433958586
 30
0.0
 11
20.35448792497925
 21
-6.613574033560392
 31
0.0
  0
LINE
  5
58D
330
17
100
AcDbEntity
  8
PREDICTED_WELDS_HIGH
100
AcDbLine
 10
-21.710371872631356
 20
7.054127433958586
 30
0.0
 11
-20.35448792497925
 21
6.613574033560392
 31
0.0
  0
LINE
  5
58E
330
17
100
AcDbEntity
  8
PREDICTED_WELDS_HIGH
100
AcDbLine
 10
22.574600782168975
 20
-3.5754655104334083
 30
0.0
 11
22.387060400713054
 21
-3.5457620320782626
 31
0.0
  0
LINE
  5
58F
330
17
100
AcDbEntity
  8
PREDICTED_WELDS_HIGH
100
AcDbLine
 10
-22.574600782168975
 20
3.5754655104334083
 30
0.0
 11
-22.387060400713054
 21
3.5457620320782626
 31
0.0
  0
LINE
  5
590
330
17
100
AcDbEntity
  8
PREDICTED_WELDS_HIGH
100
AcDbLine
 10
21.736140686990076
 20
7.062500229292535
 30
0.0
 11
21.249196075710557
 21
6.9042823341133435
 31
0.0
  0
LINE
  5
591
330
17
100
AcDbEntity
  8
PREDICTED_WELDS_HIGH
100
AcDbLine
 10
-21.736140686990076
 20
-7.062500229292535
 30
0.0
 11
-21.249196075710557
 21
-6.9042823341133435
 31
0.0
  0
LINE
  5
592
330
17
100
AcDbEntity
  8
PREDICTED_WELDS_HIGH
100
AcDbLine
 10
21.132028106079492
 20
6.866212153012591
 30
0.0
 11
20.792491987551905
 21
6.755890180520508
 31
0.0
  0
LINE
  5
593
330
17
100
AcDbEntity
  8
PREDICTED_WELDS_HIGH
100
AcDbLine
 10
-21.132028106079492
 20
-6.866212153012591
 30
0.0
 11
-20.792491987551905
 21
-6.755890180520508
 31
0.0
  0
LINE
  5
594
330
17
100
AcDbEntity
  8
PREDICTED_WELDS_HIGH
100
AcDbLine
 10
18.490025155183687
 20
13.433789619129877
 30
0.0
 11
18.17866155752507
 21
13.20757072375814
 31
0.0
  0
LINE
  5
595
330
17
100
AcDbEntity
  8
PREDICTED_WELDS_HIGH
100
AcDbLine
 10
-18.490025155183687
 20
-13.433789619129877
 30
0.0
 11
-18.17866155752507
 21
-13.20757072375814
 31
0.0
  0
LINE
  5
596
330
17
100
AcDbEntity
  8
PREDICTED_WELDS_HIGH
100
AcDbLine
 10
17.51309669471272
 20
12.724009545778914
 30
0.0
 11
17.31456160697539
 21
12.57976536123647
 31
0.0
  0
LINE
  5
597
330
17
100
AcDbEntity
  8
PREDICTED_WELDS_HIGH
100
AcDbLine
 10
-17.51309669471272
 20
-12.724009545778914
 30
0.0
 11
-17.31456160697539
 21
-12.57976536123647
 31
0.0
  0
LINE
  5
598
330
17
100
AcDbEntity
  8
PREDICTED_WELDS_HIGH
100
AcDbLine
 10
13.433982773366962
 20
18.490291009183476
 30
0.0
 11
13.261520646809084
 21
18.2529172562232
 31
0.0
  0
LINE
  5
599
330
17
100
AcDbEntity
  8
PREDICTED_WELDS_HIGH
100
AcDbLine
 10
-13.433982773366962
 20
-18.490291009183476
 30
0.0
 11
-13.261520646809084
 21
-18.2529172562232
 31
0.0
  0
LINE
  5
59A
330
17
100
AcDbEntity
  8
PREDICTED_WELDS_HIGH
100
AcDbLine
 10
10.355871457173416
 20
20.32454211550948
 30
0.0
 11
9.716293392322516
 21
19.06929948634245
 31
0.0
  0
LINE
  5
59B
330
17
100
AcDbEntity
  8
PREDICTED_WELDS_HIGH
100
AcDbLine
 10
-10.355871457173416
 20
-20.32454211550948
 30
0.0
 11
-9.716293392322516
 21
-19.06929948634245
 31
0.0
  0
LINE
  5
59C
330
17
100
AcDbEntity
  8
PREDICTED_WELDS_HIGH
100
AcDbLine
 10
3.5752598807570743
 20
-22.573302487486846
 30
0.0
 11
3.4799835568713857
 21
-21.971751453240913
 31
0.0
  0
LINE
  5
59D
330
17
100
AcDbEntity
  8
PREDICTED_WELDS_HIGH
100
AcDbLine
 10
-3.5752598807570743
 20
22.573302487486846
 30
0.0
 11
-3.4799835568713857
 21
21.971751453240913
 31
0.0
  0
LINE
  5
59E
330
17
100
AcDbEntity
  8
PREDICTED_WELDS_HIGH
100
AcDbLine
 10
3.4206054235563523
 20
-21.596852674084545
 30
0.0
 11
3.348006532898607
 21
-21.13848131823048
 31
0.0
  0
LINE
  5
59F
330
17
100
AcDbEntity
  8
PREDICTED_WELDS_HIGH
100
AcDbLine
 10
-3.4206054235563523
 20
21.596852674084545
 30
0.0
 11
-3.348006532898607
 21
21.13848131823048
 31
0.0
  0
LINE
  5
5A0
330
17
100
AcDbEntity
  8
PREDICTED_WELDS_HIGH
100
AcDbLine
 10
10.375867968324759
 20
-20.363787478368454
 30
0.0
 11
10.1752602327819
 21
-19.970072629106443
 31
0.0
  0
LINE
  5
5A1
330
17
100
AcDbEntity
  8
PREDICTED_WELDS_HIGH
100
AcDbLine
 10
-10.375867968324759
 20
20.363787478368454
 30
0.0
 11
-10.1752602327819
 21
19.970072629106443
 31
0.0
  0
LINE
  5
5A2
330
17
100
AcDbEntity
  8
PREDICTED_WELDS_HIGH
100
AcDbLine
 10
10.133321721722321
 20
-19.88776366671567
 30
0.0
 11
9.8801546387658
 21
-19.390895290057106
 31
0.0
  0
LINE
  5
5A3
330
17
100
AcDbEntity
  8
PREDICTED_WELDS_HIGH
100
AcDbLine
 10
-10.133321721722321
 20
19.88776366671567
 30
0.0
 11
-9.8801546387658
 21
19.390895290057106
 31
0.0
  0
LINE
  5
5A4
330
17
100
AcDbEntity
  8
PREDICTED_WELDS_HIGH
100
AcDbLine
 10
16.160979134077404
 20
-16.160979134077255
 30
0.0
 11
15.923244988402448
 21
-15.923244988402299
 31
0.0
  0
LINE
  5
5A5
330
17
100
AcDbEntity
  8
PREDICTED_WELDS_HIGH
100
AcDbLine
 10
-16.160979134077404
 20
16.160979134077255
 30
0.0
 11
-15.923244988402448
 21
15.923244988402299
 31
0.0
  0
LINE
  5
5A6
330
17
100
AcDbEntity
  8
PREDICTED_WELDS_HIGH
100
AcDbLine
 10
15.273893861398177
 20
-15.273893861398028
 30
0.0
 11
15.13348175710922
 21
-15.13348175710907
 31
0.0
  0
LINE
  5
5A7
330
17
100
AcDbEntity
  8
PREDICTED_WELDS_HIGH
100
AcDbLine
 10
-15.273893861398177
 20
15.273893861398028
 30
0.0
 11
-15.13348175710922
 21
15.13348175710907
 31
0.0
  0
LINE
  5
5A8
330
17
100
AcDbEntity
  8
PREDICTED_WELDS_HIGH
100
AcDbLine
 10
3.5734728287576796
 20
22.562019485218936
 30
0.0
 11
3.348006532898597
 21
21.13848131823048
 31
0.0
  0
LINE
  5
5A9
330
17
100
AcDbEntity
  8
PREDICTED_WELDS_HIGH
100
AcDbLine
 10
-3.5734728287576796
 20
-22.562019485218936
 30
0.0
 11
-3.348006532898597
 21
-21.13848131823048
 31
0.0
  0
LINE
  5
5AA
330
17
100
AcDbEntity
  8
PREDICTED_WELDS_HIGH
100
AcDbLine
 10
7.0628048737883775
 20
21.737078286339646
 30
0.0
 11
6.99446094510408
 21
21.526737302162104
 31
0.0
  0
LINE
  5
5AB
330
17
100
AcDbEntity
  8
PREDICTED_WELDS_HIGH
100
AcDbLine
 10
-7.0628048737883775
 20
-21.737078286339646
 30
0.0
 11
-6.99446094510408
 21
-21.526737302162104
 31
0.0
  0
ENDSEC
  0
SECTION
  2
OBJECTS
  0
DICTIONARY
  5
A
330
0
100
AcDbDictionary
281
1
  3
ACAD_COLOR
350
B
  3
ACAD_GROUP
350
C
  3
ACAD_LAYOUT
350
D
  3
ACAD_MATERIAL
350
E
  3
ACAD_MLEADERSTYLE
350
F
  3
ACAD_MLINESTYLE
350
10
  3
ACAD_PLOTSETTINGS
350
11
  3
ACAD_PLOTSTYLENAME
350
12
  3
ACAD_SCALELIST
350
14
  3
ACAD_TABLESTYLE
350
15
  3
ACAD_VISUALSTYLE
350
16
  3
EZDXF_META
350
2D
  0
DICTIONARY
  5
B
330
A
100
AcDbDictionary
281
1
  0
DICTIONARY
  5
C
330
A
100
AcDbDictionary
281
1
  0
DICTIONARY
  5
D
330
A
100
AcDbDictionary
281
1
  3
Model
350
1A
  3
Layout1
350
1E
  0
DICTIONARY
  5
E
330
A
100
AcDbDictionary
281
1
  3
ByBlock
350
1F
  3
ByLayer
350
20
  3
Global
350
21
  0
DICTIONARY
  5
F
330
A
100
AcDbDictionary
281
1
  3
Standard
350
2C
  0
DICTIONARY
  5
10
330
A
100
AcDbDictionary
281
1
  3
Standard
350
22
  0
DICTIONARY
  5
11
330
A
100
AcDbDictionary
281
1
  0
ACDBDICTIONARYWDFLT
  5
12
330
A
100
AcDbDictionary
281
1
  3
Normal
350
13
100
AcDbDictionaryWithDefault
340
13
  0
ACDBPLACEHOLDER
  5
13
330
12
  0
DICTIONARY
  5
14
330
A
100
AcDbDictionary
281
1
  0
DICTIONARY
  5
15
330
A
100
AcDbDictionary
281
1
  0
DICTIONARY
  5
16
330
A
100
AcDbDictionary
281
1
  0
LAYOUT
  5
1A
330
D
100
AcDbPlotSettings
  1

  4
A3
  6

 40
7.5
 41
20.0
 42
7.5
 43
20.0
 44
420.0
 45
297.0
 46
0.0
 47
0.0
 48
0.0
 49
0.0
140
0.0
141
0.0
142
1.0
143
1.0
 70
1024
 72
1
 73
0
 74
5
  7

 75
16
 76
0
 77
2
 78
300
147
1.0
148
0.0
149
0.0
100
AcDbLayout
  1
Model
 70
1
 71
0
 10
0.0
 20
0.0
 11
420.0
 21
297.0
 12
0.0
 22
0.0
 32
0.0
 14
1e+20
 24
1e+20
 34
1e+20
 15
-1e+20
 25
-1e+20
 35
-1e+20
146
0.0
 13
0.0
 23
0.0
 33
0.0
 16
1.0
 26
0.0
 36
0.0
 17
0.0
 27
1.0
 37
0.0
 76
1
330
17
  0
LAYOUT
  5
1E
330
D
100
AcDbPlotSettings
  1

  4
A3
  6

 40
7.5
 41
20.0
 42
7.5
 43
20.0
 44
420.0
 45
297.0
 46
0.0
 47
0.0
 48
0.0
 49
0.0
140
0.0
141
0.0
142
1.0
143
1.0
 70
0
 72
1
 73
0
 74
5
  7

 75
16
 76
0
 77
2
 78
300
147
1.0
148
0.0
149
0.0
100
AcDbLayout
  1
Layout1
 70
1
 71
1
 10
0.0
 20
0.0
 11
420.0
 21
297.0
 12
0.0
 22
0.0
 32
0.0
 14
1e+20
 24
1e+20
 34
1e+20
 15
-1e+20
 25
-1e+20
 35
-1e+20
146
0.0
 13
0.0
 23
0.0
 33
0.0
 16
1.0
 26
0.0
 36
0.0
 17
0.0
 27
1.0
 37
0.0
 76
1
330
1B
  0
MATERIAL
  5
1F
102
{ACAD_REACTORS
330
E
102
}
330
E
100
AcDbMaterial
  1
ByBlock
  2

 70
0
 40
1.0
 71
1
 41
1.0
 91
-1023410177
 42
1.0
 72
1
  3

 73
1
 74
1
 75
1
 44
0.5
 73
0
 45
1.0
 46
1.0
 77
1
  4

 78
1
 79
1
170
1
 48
1.0
171
1
  6

172
1
173
1
174
1
140
1.0
141
1.0
175
1
  7

176
1
177
1
178
1
143
1.0
179
1
  8

270
1
271
1
272
1
145
1.0
146
1.0
273
1
  9

274
1
275
1
276
1
 42
1.0
 72
1
  3

 73
1
 74
1
 75
1
 94
63
  0
MATERIAL
  5
20
102
{ACAD_REACTORS
330
E
102
}
330
E
100
AcDbMaterial
  1
ByLayer
  2

 70
0
 40
1.0
 71
1
 41
1.0
 91
-1023410177
 42
1.0
 72
1
  3

 73
1
 74
1
 75
1
 44
0.5
 73
0
 45
1.0
 46
1.0
 77
1
  4

 78
1
 79
1
170
1
 48
1.0
171
1
  6

172
1
173
1
174
1
140
1.0
141
1.0
175
1
  7

176
1
177
1
178
1
143
1.0
179
1
  8

270
1
271
1
272
1
145
1.0
146
1.0
273
1
  9

274
1
275
1
276
1
 42
1.0
 72
1
  3

 73
1
 74
1
 75
1
 94
63
  0
MATERIAL
  5
21
102
{ACAD_REACTORS
330
E
102
}
330
E
100
AcDbMaterial
  1
Global
  2

 70
0
 40
1.0
 71
1
 41
1.0
 91
-1023410177
 42
1.0
 72
1
  3

 73
1
 74
1
 75
1
 44
0.5
 73
0
 45
1.0
 46
1.0
 77
1
  4

 78
1
 79
1
170
1
 48
1.0
171
1
  6

172
1
173
1
174
1
140
1.0
141
1.0
175
1
  7

176
1
177
1
178
1
143
1.0
179
1
  8

270
1
271
1
272
1
145
1.0
146
1.0
273
1
  9

274
1
275
1
276
1
 42
1.0
 72
1
  3

 73
1
 74
1
 75
1
 94
63
  0
MLINESTYLE
  5
22
102
{ACAD_REACTORS
330
10
102
}
330
10
100
AcDbMlineStyle
  2
Standard
 70
0
  3

 62
256
 51
90.0
 52
90.0
 71
2
 49
0.5
 62
256
  6
BYLAYER
 49
-0.5
 62
256
  6
BYLAYER
  0
MLEADERSTYLE
  5
2C
102
{ACAD_REACTORS
330
F
102
}
330
F
100
AcDbMLeaderStyle
179
2
170
2
171
1
172
0
 90
2
 40
0.0
 41
0.0
173
1
 91
-1056964608
 92
-2
290
1
 42
2.0
291
1
 43
8.0
  3
Standard
 44
4.0
300

342
29
174
1
175
1
176
0
178
1
 93
-1056964608
 45
4.0
292
0
297
0
 46
4.0
 94
-1056964608
 47
1.0
 49
1.0
140
1.0
294
1
141
0.0
177
0
142
1.0
295
0
296
0
143
3.75
271
0
272
9
273
9
  0
DICTIONARY
  5
2D
330
A
100
AcDbDictionary
280
1
281
1
  3
CREATED_BY_EZDXF
350
2E
  3
WRITTEN_BY_EZDXF
350
5AE
  0
DICTIONARYVAR
  5
2E
330
2D
100
DictionaryVariables
280
0
  1
1.4.4 @ 2026-07-13T03:44:31.426696+00:00
  0
DICTIONARYVAR
  5
5AE
330
2D
100
DictionaryVariables
280
0
  1
1.4.4 @ 2026-07-13T03:44:31.573920+00:00
  0
ENDSEC
  0
EOF
